Date,SL_Q_in,temp_1,temp_2,pH_1,pH_2,VFA_1,VFA_2,Alk_1,Alk_2,HRT,Q_in,TS_A,VS_A,TS_B,VS_B,CH4,H2S,FW_Q_in,BP
2023-01-01,89828,37.0,37.0,,,,,,,43.0,249,,,,,65.35,,,
2023-01-02,89100,37.0,37.0,,,,,,,37.0,284,,,2.51,,64.46,,,
2023-01-03,93500,37.0,37.0,,,,,,,35.0,305,,,2.68,,62.25,,,
2023-01-04,107400,37.0,37.0,,,,,,,45.0,237,,,2.04,,62.54,,,
2023-01-05,105000,38.0,37.0,,,,,,,38.0,282,,,,,62.34,,,
2023-01-06,99500,38.0,37.0,,,,,,,38.0,278,6.13,,2.3,,61.35,,,
2023-01-07,86450,38.0,37.0,,,,,,,54.0,198,,,,,61.01,,,
2023-01-08,84650,39.0,37.0,,,,,,,46.0,231,,,,,61.91,,,
2023-01-09,87326,39.0,38.0,,,,,,,52.0,202,,,2.46,,61.88,,,
2023-01-10,91900,39.0,38.0,,,,,,,84.0,126,,,1.24,,61.3,,,
2023-01-11,103900,39.0,38.0,,,,,,,0.0,0,,,0.73,,59.88,,,
2023-01-12,88419,38.0,38.0,,,,,,,38.0,279,,,2.12,,61.01,,130.47,
2023-01-13,102432,38.0,38.0,,,,,,,31.0,340,4.07,,2.23,,61.27,,109.45,
2023-01-14,92958,38.0,38.0,,,,,,,26.0,406,,,,,62.63,,108.27,
2023-01-15,92000,38.0,37.0,,,,,,,29.0,366,,,,,63.17,,107.59,
2023-01-16,90000,38.0,37.0,,,,,,,30.0,348,,,2.45,,63.62,,111.63,
2023-01-17,93700,37.0,37.0,,,,,,,31.0,337,,,2.1,,63.66,,110.05,
2023-01-18,91516,37.0,37.0,,,,,,,33.0,319,,,2.52,,62.98,,109.98,
2023-01-19,111800,37.0,36.0,,,,,,,35.0,307,9.27,,2.49,,62.45,,83.21,
2023-01-20,96400,37.0,36.0,,,,,,,30.0,354,,,2.43,,62.43,,81.07,
2023-01-21,94800,37.0,36.0,,,,,,,34.0,309,,,,,63.33,,76.1,
2023-01-22,99300,37.0,36.0,,,,,,,30.0,357,,,,,62.81,,,
2023-01-23,104900,37.0,35.0,,,,,,,34.0,309,,,,,61.82,,82.86,
2023-01-24,100900,37.0,35.0,,,,,,,32.0,332,,,,,62.14,,82.1,
2023-01-25,105000,38.0,36.0,,,,,,,35.0,302,,,2.36,,38.86,,83.64,
2023-01-26,119000,38.0,36.0,,,,,,,35.0,303,11.43,9.99,2.45,1.51,61.32,,80.09,
2023-01-27,112100,38.0,36.0,,,,,,,32.0,335,,,,,60.86,,83.57,8868.0
2023-01-28,111900,38.0,36.0,,,,,,,32.0,336,,,,,61.43,,79.52,9561.0
2023-01-29,114900,38.0,36.0,,,,,,,30.0,351,,,,,64.24,,,6491.0
2023-01-30,101100,37.0,36.0,,,,,,,41.0,259,,,,,62.82,,82.32,9750.0
2023-01-31,118230,37.0,36.0,,,,,,,29.0,364,,,,,62.22,,76.68,9587.0
2023-02-01,88830,37.0,36.0,,,,,,,33.0,323,,,2.24,,61.05,,83.62,9686.0
2023-02-02,87186,37.0,36.0,,,,,,,31.0,340,7.39,5.55,2.2,1.37,62.85,,83.31,9664.0
2023-02-03,86097,38.0,36.0,,,,,,,29.0,363,,,2.22,,62.39,,83.65,9236.0
2023-02-04,83236,37.0,36.0,,,,,,,31.0,345,,,,,61.78,,82.1,8631.0
2023-02-05,81227,37.0,36.0,,,,,,,27.0,389,,,,,63.75,,,6032.0
2023-02-06,86165,37.0,36.0,,,,,,,34.0,314,,,2.34,,62.31,,84.77,9866.0
2023-02-07,88823,37.0,36.0,,,,,,,39.0,269,,,2.29,,61.86,,81.36,9652.0
2023-02-08,89997,37.0,36.0,,,,,,,31.0,344,,,2.23,,61.93,,82.32,9841.0
2023-02-09,99120,37.0,36.0,,,,,,,34.0,316,10.39,8.58,2.05,1.29,62.59,,85.3,9574.0
2023-02-10,90700,37.0,36.0,,,,,,,36.0,291,,,2.04,,62.29,,86.43,9995.0
2023-02-11,85031,37.0,36.0,,,,,,,31.0,337,,,,,62.01,,82.3,9410.0
2023-02-12,80000,37.0,36.0,,,,,,,29.0,362,,,,,62.32,,,6708.0
2023-02-13,80871,37.0,36.0,,,,,,,37.0,290,,,2.55,,61.66,,81.43,9559.0
2023-02-14,86306,37.0,36.0,,,,,,,33.0,323,,,2.62,,61.59,,84.4,10197.0
2023-02-15,87751,37.0,37.0,,,,,,,34.0,312,4.22,3.21,2.41,1.56,61.92,,82.98,10158.0
2023-02-16,83252,38.0,37.0,,,,,,,38.0,276,,,2.16,,61.92,,82.75,9540.0
2023-02-17,83900,37.0,37.0,,,,,,,33.0,319,,,2.09,,62.39,,80.23,9597.0
2023-02-18,82700,38.0,37.0,,,,,,,35.0,306,,,,,61.81,,80.46,9714.0
2023-02-19,76528,38.0,37.0,,,,,,,32.0,330,,,,,61.24,,,4479.0
2023-02-20,84016,37.0,37.0,7.82,,,,,,40.0,265,,,2.05,,61.88,,81.0,9972.0
2023-02-21,81250,37.0,37.0,7.8,,,,,,38.0,282,,,2.24,,61.87,,81.17,9872.0
2023-02-22,82595,37.0,37.0,7.81,,,,,,35.0,300,,,2.26,,61.9,,80.49,10008.0
2023-02-23,83954,38.0,37.0,7.78,,,,,,42.0,252,,,2.5,,62.06,,74.26,10018.0
2023-02-24,86363,37.0,37.0,,,,,,,38.0,276,5.81,4.66,2.31,1.48,62.27,,82.27,9030.0
2023-02-25,79600,37.0,37.0,,,,,,,33.0,323,,,,,63.03,,73.27,9035.0
2023-02-26,80092,37.0,37.0,,,,,,,33.0,318,,,,,64.16,,,7285.0
2023-02-27,82344,36.0,36.0,7.77,,,,,,35.0,306,,,2.86,,62.75,,111.65,10950.0
2023-02-28,79600,36.0,37.0,7.78,,,,,,40.0,262,,,2.9,,62.12,,101.54,9292.0
2023-03-01,79873,37.0,37.0,,,,,,,43.0,244,,,,,62.42,,134.48,9330.0
2023-03-02,83798,37.0,37.0,7.82,,,,,,40.0,263,6.31,5.18,2.86,1.82,61.87,,83.61,11380.0
2023-03-03,84577,37.0,37.0,7.8,,,,,,36.0,292,,,2.93,,63.88,,104.92,10784.0
2023-03-04,77500,37.0,37.0,,,,,,,33.0,326,,,,,63.17,,103.85,10574.0
2023-03-05,75227,37.0,37.0,,,,,,,39.0,275,,,,,63.9,,,6820.0
2023-03-06,81400,37.0,37.0,7.81,,,,,,31.0,343,,,3.0,,62.83,,111.98,10791.0
2023-03-07,81000,37.0,36.0,7.83,,,,,,27.0,387,,,3.0,,61.84,,111.92,11229.0
2023-03-08,82600,36.0,36.0,7.83,,,,,,28.0,375,,,3.01,,62.55,,131.12,11022.0
2023-03-09,82100,35.0,35.0,7.79,,,,,,27.0,386,5.6,4.5,3.0,1.93,62.77,,84.66,10682.0
2023-03-10,82110,35.0,35.0,7.82,,,,,,33.0,323,,,3.02,,62.54,,84.77,10792.0
2023-03-11,82184,35.0,35.0,,,,,,,31.0,344,,,,,62.28,,110.78,10746.0
2023-03-12,76240,35.0,35.0,,,,,,,33.0,318,,,,,62.44,,,6945.0
2023-03-13,78836,35.0,35.0,7.83,,,,,,27.0,393,,,3.01,,62.63,,111.8,10790.0
2023-03-14,84454,35.0,35.0,7.75,,,,,,28.0,378,,,3.15,,62.15,,109.02,11608.0
2023-03-15,82400,35.0,35.0,7.73,,,,,,27.0,399,,,3.15,,61.86,,108.53,11558.0
2023-03-16,82300,35.0,35.0,7.77,,,,,,35.0,307,5.97,4.29,3.11,2.01,62.32,,82.0,10367.0
2023-03-17,80300,36.0,35.0,7.74,,,,,,28.0,383,,,3.18,,62.3,,83.64,8662.0
2023-03-18,74800,36.0,35.0,,,,,,,31.0,344,,,,,62.64,,102.29,10430.0
2023-03-19,71350,36.0,35.0,,,,,,,29.0,367,,,,,62.65,,,6592.0
2023-03-20,79000,36.0,35.0,7.68,,,,,,25.0,422,,,3.18,,64.92,,109.2,11113.0
2023-03-21,80100,37.0,35.0,7.81,,,,,,27.0,393,,,3.17,,64.08,,105.32,11242.0
2023-03-22,82800,37.0,35.0,7.71,,,,,,25.0,425,,,3.23,,63.75,,104.04,10999.0
2023-03-23,94600,37.0,35.0,7.78,,,,,,35.0,303,,,3.21,,64.27,,74.49,10092.0
2023-03-24,85800,36.0,35.0,7.75,,,,,,27.0,392,,,3.14,2.06,63.87,,83.35,10105.0
2023-03-25,78300,36.0,35.0,,,,,,,25.0,420,,,,,63.82,,77.82,10380.0
2023-03-26,74992,35.0,35.0,,,,,,,26.0,407,,,,,63.1,,,7066.0
2023-03-27,79212,36.0,35.0,7.7,,,,,,24.0,440,,,3.25,,65.21,,113.55,11207.0
2023-03-28,83556,36.0,36.0,7.79,,,,,,35.0,305,,,3.22,,60.96,,107.93,9412.0
2023-03-29,81768,37.0,36.0,7.77,,,,,,37.0,289,,,3.15,,61.93,,,7301.0
2023-03-30,82785,36.0,35.0,7.71,,,,,,26.0,415,,,3.2,,63.72,,116.1,10680.0
2023-03-31,77700,36.0,35.0,7.79,,,,,,24.0,438,,,3.18,2.07,63.71,,113.23,11228.0
2023-04-01,77481,36.0,35.0,,,,,,,25.0,423,,,,,63.98,,82.89,10427.0
2023-04-02,75366,36.0,35.0,,,,,,,29.0,371,,,,,63.39,,,7034.0
2023-04-03,76835,36.0,35.0,7.85,,,,,,27.0,386,,,3.26,,64.91,,126.61,10910.0
2023-04-04,81359,36.0,35.0,7.78,,,,,,27.0,387,,,3.28,,63.32,,123.84,11017.0
2023-04-05,87200,36.0,35.0,7.23,,,,,,26.0,407,,,3.28,,64.87,,124.65,11499.0
2023-04-06,82800,36.0,35.0,7.7,,,,,,23.0,464,,,3.25,,64.44,,122.39,11899.0
2023-04-07,84100,36.0,35.0,7.75,,,,,,24.0,440,5.0,3.91,3.21,2.1,64.29,,121.56,11785.0
2023-04-08,82757,36.0,35.0,,,,,,,27.0,388,,,,,63.79,,102.73,11060.0
2023-04-09,76950,36.0,35.0,,,,,,,29.0,365,,,,,62.7,,,7618.0
2023-04-10,79050,36.0,35.0,7.84,,,,,,28.0,379,,,3.31,,64.19,,123.12,11407.0
2023-04-11,79000,36.0,35.0,7.4,,,,,,27.0,395,,,3.24,,63.32,,122.62,11036.0
2023-04-12,80300,36.0,35.0,7.71,,,,,,26.0,412,,,3.24,,61.85,,123.57,11626.0
2023-04-13,79500,37.0,35.0,7.76,,,,,,29.0,369,4.7,3.64,3.19,2.08,62.04,,124.29,12386.0
2023-04-14,80150,37.0,35.0,7.82,,,,,,30.0,359,,,3.29,,61.73,,122.83,11526.0
2023-04-15,83033,37.0,35.0,,,,,,,37.0,289,,,,,61.63,,115.11,11331.0
2023-04-16,76000,37.0,36.0,,,,,,,56.0,188,,,,,61.34,,,6028.0
2023-04-17,85000,37.0,36.0,7.8,,,,,,37.0,283,,,3.22,,62.62,,123.59,8986.0
2023-04-18,84592,38.0,36.0,7.77,,,,,,36.0,294,,,3.26,,61.14,,115.95,11529.0
2023-04-19,84214,38.0,36.0,7.69,,,,,,28.0,380,,,3.2,,61.37,,111.3,10722.0
2023-04-20,85679,38.0,36.0,7.81,,,,,,29.0,369,,,3.13,2.01,61.8,,108.52,11247.0
2023-04-21,81899,38.0,36.0,8.13,,,,,,30.0,348,,,3.14,,62.46,,108.75,11129.0
2023-04-22,79706,38.0,36.0,,,,,,,25.0,429,,,,,62.77,,109.38,10805.0
2023-04-23,75764,38.0,36.0,,,,,,,28.0,375,,,,,62.91,,,6008.0
2023-04-24,80785,38.0,36.0,7.71,,,,,,27.0,392,,,3.07,,63.28,,114.2,10505.0
2023-04-25,89616,38.0,36.0,7.83,,,,,,27.0,400,,,3.09,,62.13,,112.71,10910.0
2023-04-26,88342,38.0,36.0,7.81,,,,,,27.0,400,4.32,,3.12,,61.37,,112.61,10354.0
2023-04-27,83611,38.0,36.0,7.36,,,,,,27.0,388,4.22,3.24,3.02,1.91,61.66,,110.71,9709.0
2023-04-28,83663,38.0,36.0,7.8,,,,,,28.0,376,,,2.98,,62.64,,111.0,11111.0
2023-04-29,82666,38.0,36.0,,,,,,,32.0,331,,,,,61.94,,103.26,11085.0
2023-04-30,78000,38.0,36.0,,,,,,,35.0,304,,,,,61.36,,,5929.0
2023-05-01,80500,38.0,36.0,,,,,,,29.0,369,,,,,61.87,,104.45,10062.0
2023-05-02,77830,38.0,36.0,7.64,,,,,,32.0,335,,,2.57,,62.78,,105.91,10363.0
2023-05-03,81910,38.0,36.0,7.81,,,,,,30.0,348,,,2.5,,62.62,,103.26,10055.0
2023-05-04,78835,38.0,35.0,7.85,,,,,,26.0,408,4.1,3.14,2.8,1.75,62.26,,97.35,10464.0
2023-05-05,98918,38.0,35.0,,,,,,,24.0,444,,,,,63.04,,106.79,10317.0
2023-05-06,111073,38.0,35.0,,,,,,,27.0,392,,,,,62.47,,103.48,10577.0
2023-05-07,96201,37.0,35.0,,,,,,,35.0,304,,,,,63.71,,,5674.0
2023-05-08,96308,37.0,35.0,7.81,,,,,,25.0,427,,,3.03,,63.49,,108.08,9789.0
2023-05-09,91900,37.0,35.0,7.81,,,,,,25.0,424,,,2.83,,63.52,,107.11,10847.0
2023-05-10,91859,37.0,35.0,7.68,,,,,,26.0,415,,,3.01,,63.43,,107.56,10892.0
2023-05-11,87700,37.0,35.0,7.79,,,,,,27.0,396,4.46,3.41,2.98,1.87,62.81,,82.76,9812.0
2023-05-12,87107,37.0,35.0,7.88,,,,,,25.0,422,,,3.07,,62.35,,107.02,10375.0
2023-05-13,84586,37.0,35.0,,,,,,,27.0,391,,,,,62.6,,104.25,10449.0
2023-05-14,80700,37.0,35.0,,,,,,,36.0,291,,,,,61.78,,,5716.0
2023-05-15,87381,37.0,35.0,7.85,,,,,,33.0,318,,,3.07,,62.61,,107.57,10051.0
2023-05-16,86218,37.0,35.0,7.25,,,,,,32.0,332,,,3.04,,62.64,,107.22,10178.0
2023-05-17,89400,37.0,35.0,7.63,,,,,,28.0,385,,,3.04,,62.73,,133.11,11056.0
2023-05-18,97800,37.0,35.0,7.8,,,,,,27.0,398,4.93,3.74,3.04,1.97,62.19,,131.48,11165.0
2023-05-19,104800,37.0,35.0,7.64,,,,,,25.0,425,,,2.95,,62.14,,129.38,11373.0
2023-05-20,87550,37.0,35.0,,,,,,,26.0,415,,,,,62.44,,131.23,11108.0
2023-05-21,92950,37.0,35.0,,,,,,,33.0,326,,,,,62.22,,,7273.0
2023-05-22,86940,37.0,35.0,7.82,,,,,,29.0,365,,,2.98,,62.15,,131.35,10949.0
2023-05-23,89870,37.0,35.0,7.84,,,,,,27.0,399,,,3.01,,61.28,,133.21,11676.0
2023-05-24,85360,37.0,35.0,7.8,,,,,,27.0,392,4.63,3.48,2.91,1.83,61.72,,133.24,11364.0
2023-05-25,85100,37.0,36.0,7.78,,,,,,32.0,329,,,3.03,,61.25,,132.66,10887.0
2023-05-26,78540,37.0,36.0,7.79,,,,,,30.0,350,,,2.98,,60.82,,133.64,11111.0
2023-05-27,76310,37.0,36.0,,,,,,,30.0,348,,,,,61.18,,130.48,10453.0
2023-05-28,72350,37.0,36.0,,,,,,,35.0,306,,,,,59.41,,,6772.0
2023-05-29,88690,37.0,36.0,,,,,,,30.0,353,,,,,61.56,,132.82,10535.0
2023-05-30,96966,37.0,36.0,7.34,,,,,,34.0,308,,,3.09,,61.13,,131.55,10966.0
2023-05-31,91834,37.0,36.0,7.8,,,,,,32.0,333,5.34,4.07,3.09,1.96,61.51,,130.96,11179.0
2023-06-01,87810,37.0,37.0,7.77,,,,,,28.0,380,,,3.06,,61.41,,107.37,10580.0
2023-06-02,98507,37.0,36.0,7.72,,,,,,30.0,356,,,3.11,,61.64,,108.62,10150.0
2023-06-03,87000,37.0,36.0,,,,,,,30.0,355,,,,,61.25,,107.87,10012.0
2023-06-04,79434,37.0,36.0,,,,,,,34.0,316,,,,,59.87,,,6474.0
2023-06-05,86753,36.0,36.0,7.81,,,,,,30.0,355,,,3.09,,62.28,,133.05,10888.0
2023-06-06,83441,36.0,36.0,,,,,,,31.0,345,,,,,62.19,,108.35,11270.0
2023-06-07,89793,36.0,36.0,7.83,,,,,,32.0,335,,,3.06,,62.33,,132.52,11461.0
2023-06-08,89508,35.0,35.0,7.8,,,,,,31.0,344,5.27,3.81,,,62.57,,108.7,11885.0
2023-06-09,88783,36.0,36.0,7.79,,,,,,29.0,363,,,3.15,,63.11,,133.4,11247.0
2023-06-10,83508,36.0,36.0,,,,,,,32.0,336,,,,,61.92,,104.7,10508.0
2023-06-11,78822,36.0,36.0,,,,,,,35.0,302,,,,,63.8,,,6232.0
2023-06-12,84899,35.0,35.0,7.78,,,,,,28.0,381,,,3.17,,64.07,,108.01,10547.0
2023-06-13,87634,35.0,35.0,7.81,,,,,,28.0,372,,,3.16,,63.74,,107.96,10331.0
2023-06-14,85800,35.0,35.0,7.83,,,,,,27.0,396,,,3.15,,63.52,,107.77,9664.0
2023-06-15,85500,35.0,35.0,7.89,,,,,,29.0,371,5.17,3.43,,,62.53,,108.43,9898.0
2023-06-16,86778,35.0,35.0,7.83,,,,,,25.0,426,,,3.15,,63.25,,109.25,10880.0
2023-06-17,78824,36.0,36.0,,,,,,,25.0,424,,,,,62.98,,108.19,9634.0
2023-06-18,75863,36.0,36.0,,,,,,,30.0,356,,,,,63.59,,,6761.0
2023-06-19,82856,36.0,36.0,7.88,,,,,,38.0,276,,,3.2,,62.65,,106.98,10570.0
2023-06-20,85463,37.0,37.0,7.83,,,,,,31.0,340,,,3.13,,61.31,,108.13,9219.0
2023-06-21,96800,37.0,37.0,7.84,,,,,,31.0,342,,,3.13,,62.28,,108.72,10070.0
2023-06-22,89832,37.0,37.0,7.85,,,,,,31.0,344,4.13,3.1,3.21,2.01,62.21,,107.85,9195.0
2023-06-23,91401,37.0,37.0,7.88,,,,,,33.0,324,,,3.16,,61.9,,108.11,9519.0
2023-06-24,86748,37.0,37.0,,,,,,,33.0,317,,,,,62.1,,106.46,9066.0
2023-06-25,91800,36.0,36.0,,,,,,,33.0,320,,,,,60.79,,,5521.0
2023-06-26,99717,36.0,36.0,7.88,,,,,,29.0,362,,,3.1,,62.4,,109.15,8540.0
2023-06-27,95754,36.0,36.0,7.81,,,,,,29.0,366,,,3.17,,62.88,,108.44,9886.0
2023-06-28,110364,36.0,36.0,7.75,,,,,,29.0,368,4.24,3.2,3.19,2.01,62.55,,108.54,9387.0
2023-06-29,96662,35.0,36.0,7.47,,,,,,30.0,353,,,3.11,,62.57,,109.17,10171.0
2023-06-30,98303,35.0,36.0,7.6,,,,,,30.0,359,,,3.01,,63.03,,108.19,9992.0
2023-07-01,93483,35.0,36.0,,,,,,,32.0,335,,,,,62.31,,47.5,6792.0
2023-07-02,92700,35.0,36.0,,,,,,,34.0,308,,,,,62.05,,,5075.0
2023-07-03,93401,35.0,36.0,7.66,,,,,,34.0,316,,,3.06,,61.21,,98.73,9023.0
2023-07-04,95799,35.0,36.0,7.7,,,,,,35.0,306,,,3.29,,61.32,,74.61,8394.0
2023-07-05,111286,35.0,36.0,7.69,,,,,,32.0,332,,,3.09,,62.38,,74.85,8631.0
2023-07-06,101740,35.0,36.0,7.83,,,,,,33.0,325,4.8,3.59,3.04,1.89,61.27,,74.56,8682.0
2023-07-07,107796,35.0,36.0,7.85,,,,,,33.0,320,,,3.1,,63.35,,74.58,9095.0
2023-07-08,107784,35.0,36.0,,,,,,,33.0,318,,,,,62.07,,73.94,8607.0
2023-07-09,92560,35.0,36.0,,,,,,,35.0,305,,,,,63.12,,,5655.0
2023-07-10,92600,35.0,36.0,7.84,,,,,,32.0,327,,,3.07,,61.43,,75.22,8685.0
2023-07-11,101930,35.0,36.0,7.82,,,,,,26.0,407,,,3.11,,61.35,,75.0,8957.0
2023-07-12,126626,35.0,36.0,7.7,,,,,,26.0,406,5.05,3.75,3.11,1.97,63.33,,99.73,11464.0
2023-07-13,109887,35.0,36.0,7.78,,,,,,28.0,384,,,3.14,,62.14,,75.4,11577.0
2023-07-14,105270,35.0,36.0,7.82,,,,,,27.0,397,,,3.11,,61.96,,98.94,12829.0
2023-07-15,99044,35.0,36.0,,,,,,,32.0,332,,,,,62.38,,74.86,11050.0
2023-07-16,123619,35.0,36.0,,,,,,,29.0,360,,,,,63.01,,,7468.0
2023-07-17,128127,36.0,36.0,7.88,,,,,,29.0,367,,,3.19,,59.95,,98.85,16764.0
2023-07-18,122422,36.0,36.0,7.9,,100.0,,10940.0,,30.0,354,,,3.16,,61.61,,74.89,12391.0
2023-07-19,129492,37.0,36.0,7.64,,,,,,24.0,433,5.27,3.58,,,62.92,,98.85,11897.0
2023-07-20,113174,37.0,37.0,7.64,,,,,,28.0,380,,,3.02,,62.45,,74.25,11295.0
2023-07-21,111054,37.0,37.0,7.81,,,,,,30.0,359,,,2.95,,62.16,,99.08,12499.0
2023-07-22,96187,38.0,37.0,,,,,,,29.0,362,,,,,62.52,,73.52,10946.0
2023-07-23,90502,38.0,37.0,,,,,,,31.0,337,,,,,62.21,,,6276.0
2023-07-24,99169,39.0,38.0,7.86,,,,,,27.0,388,,,2.96,,61.1,,99.23,10736.0
2023-07-25,99334,39.0,37.0,7.8,,95.1,,11200.0,,28.0,385,,,3.03,,59.85,,75.46,12949.0
2023-07-26,94166,38.0,37.0,7.77,,,,,,28.0,375,4.9,3.67,2.96,1.84,61.37,,75.74,12993.0
2023-07-27,92547,38.0,37.0,7.75,,,,,,30.0,350,,,3.01,,63.02,,75.0,13859.0
2023-07-28,87700,39.0,37.0,7.9,,,,,,31.0,346,,,2.95,,62.36,,75.12,10556.0
2023-07-29,82680,39.0,37.0,,,,,,,31.0,343,,,,,64.27,,74.98,12724.0
2023-07-30,75344,39.0,37.0,,,,,,,55.0,193,,,,,65.85,,,7206.0
2023-07-31,81698,39.0,37.0,7.89,,,,,,34.0,312,,,2.98,,61.24,,109.07,11222.0
2023-08-01,81340,39.0,37.0,7.91,,,,,,30.0,350,,,2.9,,59.88,11.08,107.94,12687.0
2023-08-02,82316,39.0,37.0,7.93,,,,,,35.0,304,,,2.87,,60.03,11.97,109.01,13274.0
2023-08-03,86651,39.0,37.0,7.97,,,,,,31.0,338,4.66,3.34,2.97,1.84,59.71,8.13,107.35,13205.0
2023-08-04,90400,39.0,37.0,7.93,,129.0,,9520.0,,40.0,266,,,2.9,,60.6,12.47,107.08,13600.0
2023-08-05,88600,39.0,37.0,,,,,,,28.0,384,,,,,61.48,11.03,108.61,13110.0
2023-08-06,84600,39.0,37.0,,,,,,,42.0,253,,,,,61.17,5.42,,8866.0
2023-08-07,86900,39.0,38.0,8.01,,,,,,34.0,313,,,2.79,,59.9,15.63,107.37,11918.0
2023-08-08,86360,39.0,38.0,8.0,,,,,,32.0,331,,,2.69,,60.16,12.31,109.08,12387.0
2023-08-09,94400,39.0,38.0,7.98,,,,,,36.0,298,4.81,3.62,2.72,1.65,61.31,8.24,109.15,12625.0
2023-08-10,108489,39.0,37.0,8.02,,,,,,39.0,275,,,2.65,,60.38,3.3,106.31,9775.0
2023-08-11,115694,39.0,37.0,7.95,,119.3,,10300.0,,33.0,325,,,2.71,,61.88,13.05,109.54,13041.0
2023-08-12,96472,39.0,37.0,,,,,,,31.0,346,,,,,61.89,7.44,103.4,12398.0
2023-08-13,89100,39.0,37.0,,,,,,,40.0,265,,,,,63.62,2.82,,6336.0
2023-08-14,91700,38.0,37.0,7.97,,,,,,34.0,309,,,2.92,,62.02,12.16,107.17,10134.0
2023-08-15,93600,38.0,37.0,,,,,,,36.0,291,,,,,60.79,6.71,107.64,10951.0
2023-08-16,91980,39.0,38.0,7.95,,,,,,37.0,286,4.77,3.52,3.02,1.86,60.13,8.33,105.37,12272.0
2023-08-17,95561,38.0,37.0,7.97,,111.5,,9810.0,,38.0,282,,,3.04,,59.79,5.21,81.81,10282.0
2023-08-18,95487,38.0,37.0,7.9,,,,,,40.0,268,,,3.2,,60.99,5.58,103.65,11054.0
2023-08-19,91846,38.0,37.0,,,,,,,37.0,286,,,,,61.66,4.5,106.82,9922.0
2023-08-20,86566,38.0,37.0,,,,,,,44.0,243,,,,,66.6,4.27,,5591.0
2023-08-21,89158,38.0,37.0,7.86,,,,,,40.0,265,,,3.0,,61.5,5.89,108.58,11169.0
2023-08-22,92672,38.0,37.0,7.9,,163.2,,8750.0,,41.0,261,,,2.94,,60.21,5.98,106.58,10749.0
2023-08-23,93897,38.0,38.0,8.07,,,,,,41.0,261,4.73,3.43,2.96,1.8,60.43,6.51,107.77,10521.0
2023-08-24,115230,38.0,38.0,7.91,,,,,,33.0,324,,,3.1,,60.75,7.11,106.99,11132.0
2023-08-25,107427,38.0,38.0,7.82,,,,,,25.0,422,,,3.02,,59.39,8.63,120.39,11667.0
2023-08-26,90380,38.0,38.0,,,,,,,27.0,398,,,,,63.61,8.82,94.79,14187.0
2023-08-27,85000,38.0,38.0,,,,,,,30.0,356,,,,,61.96,4.35,,7990.0
2023-08-28,91750,38.0,38.0,7.74,,,,,,28.0,381,,,3.23,,61.96,8.52,109.18,11968.0
2023-08-29,94284,38.0,38.0,7.73,,,,,,31.0,338,,,2.97,,62.05,8.17,107.22,12332.0
2023-08-30,102125,38.0,38.0,7.82,,,,,,33.0,325,5.33,3.88,3.19,1.89,61.6,5.52,106.74,12255.0
2023-08-31,95278,38.0,38.0,7.8,,,,,,33.0,321,,,3.2,,61.34,7.61,107.98,13220.0
2023-09-01,113296,39.0,38.0,7.8,7.7,,,,,31.0,339,,,3.14,,60.05,7.17,125.28,13399.0
2023-09-02,124081,39.0,38.0,7.8,7.7,,,,,34.0,308,,,,,61.71,5.83,90.65,12474.0
2023-09-03,104665,39.0,38.0,7.8,7.7,,,,,54.0,197,,,,,62.79,2.68,,7517.0
2023-09-04,104130,38.0,38.0,7.8,7.7,,,,,36.0,294,,,3.28,,61.45,4.84,105.28,10509.0
2023-09-05,107663,38.0,38.0,7.8,7.7,,,,,37.0,283,,,3.14,,62.29,6.07,105.88,11707.0
2023-09-06,101400,38.0,38.0,7.8,7.7,,,,,39.0,271,,,3.05,,60.78,4.79,105.78,11514.0
2023-09-07,93068,39.0,38.0,7.8,7.7,,,,,42.0,252,6.53,4.9,3.0,1.81,61.61,3.9,106.43,11454.0
2023-09-08,92386,39.0,38.0,7.8,7.7,192.3,130.9,13160.0,12200.0,40.0,265,,,,,60.79,4.55,106.95,11907.0
2023-09-09,90000,39.0,38.0,7.8,7.7,,,,,40.0,267,,,,,60.5,4.75,105.86,11765.0
2023-09-10,85600,39.0,38.0,7.8,7.7,,,,,53.0,201,,,,,62.8,2.36,,6864.0
2023-09-11,90800,39.0,37.0,7.8,7.7,,,,,37.0,288,,,,,61.33,4.67,108.99,8911.0
2023-09-12,90510,39.0,37.0,7.8,7.7,,,,,36.0,298,,,,,61.7,3.83,109.74,12850.0
2023-09-13,93127,39.0,38.0,7.8,7.7,,,,,31.0,340,6.36,4.74,3.16,1.9,64.03,2.88,83.41,13182.0
2023-09-14,94200,39.0,38.0,7.8,7.7,,,,,33.0,320,,,,,62.16,3.84,109.44,11370.0
2023-09-15,94800,39.0,38.0,7.8,7.7,133.1,115.5,12020.0,10900.0,30.0,355,,,3.14,,60.3,3.55,99.76,11461.0
2023-09-16,98718,39.0,38.0,7.8,7.7,,,,,36.0,293,,,,,62.71,3.02,82.57,10258.0
2023-09-17,118558,39.0,37.0,7.8,7.7,,,,,37.0,287,,,,,64.48,2.13,,5941.0
2023-09-18,112763,38.0,37.0,7.8,7.7,,,,,30.0,350,,,3.18,,62.78,2.31,109.7,10782.0
2023-09-19,105146,39.0,37.8,7.8,7.7,,,,,29.0,360,6.29,4.74,3.24,1.95,61.9,2.54,108.48,11483.0
2023-09-20,106096,39.0,38.0,7.8,7.7,,,,,29.0,370,,,3.23,,62.12,2.47,110.44,10599.0
2023-09-21,118485,39.0,38.0,7.8,7.7,,,,,28.0,379,,,3.26,,62.18,2.3,110.4,10908.0
2023-09-22,111022,39.0,37.0,7.8,7.7,142.7,157.0,10950.0,10560.0,29.0,367,,,3.08,,62.28,1.83,109.35,11862.0
2023-09-23,96161,39.0,37.0,7.8,7.7,,,,,34.0,313,,,,,61.26,1.84,82.76,9919.0
2023-09-24,94333,39.0,37.0,7.8,7.7,,,,,35.0,304,,,,,65.22,1.3,,6360.0
2023-09-25,94593,38.0,37.0,7.8,7.7,,,,,32.0,327,,,3.05,,62.3,1.92,109.49,9780.0
2023-09-26,93235,38.0,37.0,7.8,7.7,122.3,146.6,11680.0,10260.0,31.0,345,5.61,4.19,3.03,1.87,59.12,1.93,109.38,10544.0
2023-09-27,92443,38.0,37.0,7.8,7.7,,,,,33.0,318,,,3.05,,63.12,2.33,110.47,11391.0
2023-09-28,85613,38.0,37.0,7.8,7.7,,,,,37.0,284,,,,,63.26,2.36,111.31,10760.0
2023-09-29,74707,38.0,37.0,7.8,7.7,,,,,36.0,295,,,,,63.95,2.3,82.17,11176.0
2023-09-30,73466,38.0,37.0,7.8,7.7,,,,,33.0,317,,,,,65.24,2.04,82.73,10134.0
2023-10-01,71535,38.0,37.0,7.8,7.7,,,,,55.0,194,,,,,62.66,1.2,,4936.0
2023-10-02,79723,38.0,37.0,7.8,7.7,,,,,43.0,249,,,,,61.96,1.6,58.48,7102.0
2023-10-03,80335,38.0,37.0,7.8,7.7,,,,,41.0,260,,,,,62.27,1.33,32.07,7534.0
2023-10-04,84532,38.0,37.0,7.8,7.7,,,,,41.0,257,,,3.02,,62.5,1.82,58.46,8020.0
2023-10-05,84215,38.0,37.0,7.8,7.7,,,,,44.0,243,5.98,4.32,3.25,1.93,61.03,1.79,59.78,6884.0
2023-10-06,78250,38.0,37.0,7.8,7.7,107.7,181.0,10550.0,9660.0,44.0,241,,,2.96,,62.04,1.9,60.75,8007.0
2023-10-07,75000,38.0,37.0,7.8,7.7,,,,,42.0,253,,,,,60.37,1.71,57.95,7062.0
2023-10-08,73800,38.0,37.0,7.8,7.7,,,,,43.0,247,,,,,63.93,1.06,,5377.0
2023-10-09,73059,38.0,37.0,7.8,7.7,,,,,36.0,291,,,,,61.91,2.43,133.85,10869.0
2023-10-10,77380,38.0,37.0,7.8,7.7,,,,,37.0,285,,,3.01,,61.7,2.19,110.31,9742.0
2023-10-11,74800,38.0,37.0,7.8,7.7,,,,,35.0,299,7.08,5.09,2.98,1.77,61.78,2.46,134.97,11321.0
2023-10-12,78505,38.0,37.0,7.8,7.7,,,,,33.0,319,,,2.96,,62.28,2.19,110.91,10723.0
2023-10-13,72850,39.0,38.0,7.8,7.7,129.6,161.0,10710.0,9870.0,31.0,339,,,3.08,,62.19,2.27,136.01,12233.0
2023-10-14,81719,39.0,38.0,7.8,7.7,,,,,40.0,266,,,,,61.32,2.05,124.74,11844.0
2023-10-15,69800,39.0,38.0,7.9,7.7,,,,,35.0,305,,,,,63.89,1.27,,6795.0
2023-10-16,74000,39.0,38.0,7.8,7.7,,,,,34.0,313,,,3.05,,62.25,2.02,94.18,9111.0
2023-10-17,75200,39.0,38.0,7.8,7.7,,,,,33.0,319,,,3.15,,61.4,1.96,133.99,9991.0
2023-10-18,75600,39.0,38.0,7.8,7.7,,,,,30.0,352,5.49,4.01,3.0,1.76,62.35,1.92,134.57,10300.0
2023-10-19,71700,39.0,38.0,7.8,7.7,206.7,231.1,7270.0,6270.0,32.0,334,,,3.11,,61.77,1.28,109.05,10747.0
2023-10-20,68600,39.0,38.0,7.8,7.7,,,,,31.0,340,,,2.96,,61.68,1.66,143.6,10089.0
2023-10-21,70200,39.0,38.0,7.9,7.7,,,,,37.0,285,,,,,61.76,1.15,98.47,9453.0
2023-10-22,67500,39.0,38.0,7.9,7.7,,,,,33.0,318,,,,,61.08,0.78,,5085.0
2023-10-23,74000,39.0,37.0,7.8,7.6,,,,,23.0,469,,,3.01,,60.59,2.35,135.5,9584.0
2023-10-24,73250,38.0,37.0,7.8,7.6,,,,,21.0,500,5.26,3.9,2.95,1.73,60.85,1.36,109.53,10850.0
2023-10-25,83638,38.0,37.0,7.8,7.6,,,,,25.0,427,,,2.92,,63.35,2.14,106.06,10903.0
2023-10-26,87165,38.0,36.0,7.8,7.7,240.1,200.3,7350.0,6960.0,27.0,398,,,2.87,,62.79,1.2,86.32,9229.0
2023-10-27,83140,38.0,36.0,7.8,7.6,,,,,26.0,412,,,2.91,,60.8,1.89,134.12,11119.0
2023-10-28,79796,38.0,36.0,7.8,7.6,,,,,27.0,386,,,,,62.65,1.84,98.26,12144.0
2023-10-29,76427,38.0,36.0,7.8,7.7,,,,,30.0,359,,,,,65.18,1.26,,6866.0
2023-10-30,83348,38.0,37.0,7.8,7.6,,,,,26.0,415,,,2.85,,63.72,2.54,121.65,10719.0
2023-10-31,81453,38.0,37.0,7.8,7.6,,,,,26.0,407,,,2.86,,64.58,1.27,109.77,10343.0
2023-11-01,83892,38.0,37.0,7.8,7.6,,,,,27.0,398,,,2.8,,62.85,1.7,133.49,10165.0
2023-11-02,84738,39.0,37.0,7.8,7.6,110.0,157.8,9840.0,9720.0,27.0,395,,,2.79,,61.84,2.22,124.64,10057.0
2023-11-03,81544,39.0,37.0,7.8,7.6,,,,,25.0,426,5.72,4.2,2.8,1.69,61.58,1.94,117.62,9574.0
2023-11-04,79580,39.0,37.0,7.8,7.6,,,,,27.0,392,,,,,61.55,2.08,121.58,9328.0
2023-11-05,71248,39.0,37.0,7.8,7.6,,,,,28.0,374,,,,,60.46,1.47,,6164.0
2023-11-06,95189,39.0,37.0,7.8,7.6,,,,,32.0,328,,,2.76,,61.72,2.35,121.25,8747.0
2023-11-07,86644,39.0,37.0,7.8,7.6,,,,,35.0,300,,,2.74,,60.86,0.69,111.31,8993.0
2023-11-08,80784,39.0,37.0,7.8,7.6,,,,,33.0,324,,,2.84,,60.35,1.33,135.54,10232.0
2023-11-09,75470,39.0,37.0,7.8,7.6,,,,,28.0,375,5.59,3.93,2.76,1.63,61.25,1.05,111.33,9267.0
2023-11-10,77614,39.0,37.0,7.8,7.6,82.7,126.4,9270.0,9350.0,31.0,346,,,2.7,,60.87,1.64,134.39,10031.0
2023-11-11,71804,39.0,38.0,7.8,7.6,,,,,29.0,364,,,,,60.49,1.17,108.85,8404.0
2023-11-12,67800,39.0,37.0,7.8,7.6,,,,,27.0,392,,,,,58.54,0.53,,5467.0
2023-11-13,73763,39.0,37.0,7.8,7.6,,,,,33.0,326,,,2.74,,59.74,0.51,109.04,9088.0
2023-11-14,73641,39.0,37.0,7.8,7.6,,,,,34.0,316,,,2.75,,61.13,0.42,108.12,8924.0
2023-11-15,78427,39.0,37.0,7.8,7.6,101.3,187.8,9280.0,7850.0,29.0,368,,,2.76,,60.41,0.42,108.73,8261.0
2023-11-16,81265,39.0,38.0,7.8,7.6,,,,,23.0,467,,,2.79,,61.47,0.6,108.41,9870.0
2023-11-17,78291,39.0,38.0,7.8,7.6,,,,,24.0,433,4.48,3.42,2.79,1.65,60.34,1.12,109.83,10145.0
2023-11-18,70236,39.0,38.0,7.8,7.6,,,,,24.0,445,,,,,61.73,0.62,109.78,8829.0
2023-11-19,69593,39.0,38.0,7.8,7.6,,,,,28.0,385,,,,,61.53,0.49,,5763.0
2023-11-20,77438,39.0,37.0,7.8,7.6,,,,,24.0,438,,,2.86,,61.5,1.0,108.15,9212.0
2023-11-21,75952,38.0,37.0,7.8,7.6,,,,,24.0,438,,,2.95,,61.73,0.62,109.69,9909.0
2023-11-22,82416,38.0,37.0,7.8,7.6,,,,,24.0,438,,,2.88,,61.22,0.8,110.51,10689.0
2023-11-23,78306,38.0,37.0,7.8,7.6,,,,,27.0,397,,,2.83,,63.04,1.01,108.24,9071.0
2023-11-24,80819,38.0,37.0,7.8,7.6,136.5,177.8,8690.0,8120.0,25.0,428,5.85,4.24,2.79,1.7,61.81,0.82,110.9,10169.0
2023-11-25,80955,38.0,37.0,7.8,7.6,,,,,24.0,435,,,,,61.95,1.41,106.81,9720.0
2023-11-26,67826,38.0,37.0,7.8,7.6,,,,,30.0,358,,,,,63.15,0.35,,5898.0
2023-11-27,76421,38.0,37.0,7.8,7.6,,,,,26.0,411,,,2.85,,61.21,0.64,77.04,8605.0
2023-11-28,80275,38.0,37.0,7.8,7.6,,,,,24.0,434,,,2.49,,61.01,0.5,76.47,9563.0
2023-11-29,75000,38.0,37.0,7.8,7.6,,,,,26.0,414,,,2.81,,62.44,0.75,76.41,9491.0
2023-11-30,77850,38.0,37.0,7.8,7.6,,,,,25.0,428,,,2.78,,62.08,1.24,75.62,8696.0
2023-12-01,75900,38.0,37.0,7.9,7.6,142.1,164.4,9060.0,8310.0,25.0,419,5.66,4.2,2.75,1.68,62.83,0.69,76.77,9512.0
2023-12-02,59232,37.0,37.0,7.9,7.6,,,,,25.0,418,,,,,61.7,0.58,75.83,7946.0
2023-12-03,55600,37.0,37.0,7.9,7.6,,,,,23.0,464,,,,,64.78,0.68,,7516.0
2023-12-04,70400,37.0,37.0,7.8,7.6,,,,,24.0,437,,,2.85,,59.88,0.64,109.43,10243.0
2023-12-05,79414,37.0,37.0,7.8,7.6,,,,,25.0,428,,,2.78,,60.48,0.61,109.67,11969.0
2023-12-06,69970,37.0,37.0,7.8,7.6,,,,,29.0,360,,,2.77,,63.1,16.03,108.22,10315.0
2023-12-07,74768,37.0,37.0,7.9,7.6,162.8,201.5,7850.0,7030.0,25.0,432,,,2.71,,61.58,0.53,109.14,10634.0
2023-12-08,76115,37.0,37.0,7.8,7.6,,,,,28.0,378,5.39,3.98,2.73,1.65,61.66,0.64,108.46,11322.0
2023-12-09,72497,37.0,37.0,7.8,7.6,,,,,25.0,420,,,,,61.88,1.03,106.94,11826.0
2023-12-10,69004,37.0,37.0,7.9,7.6,,,,,24.0,438,,,,,64.21,1.04,,9184.0
2023-12-11,82566,37.0,37.0,7.8,7.6,,,,,26.0,414,,,2.7,,61.74,0.0,110.15,9880.0
2023-12-12,77210,37.0,37.0,7.8,7.7,,,,,29.0,361,,,2.68,,61.74,0.0,109.57,10209.0
2023-12-13,77647,37.0,37.0,7.9,7.72,,,,,36.0,291,,,2.68,,64.78,0.0,109.47,11064.0
2023-12-14,82196,37.0,37.0,7.9,7.8,,,,,32.0,333,6.08,4.22,2.63,1.59,61.9,0.0,108.62,9850.0
2023-12-15,94101,38.0,38.0,7.9,7.7,143.6,167.1,9340.0,9070.0,29.0,360,,,2.56,,64.82,0.42,109.13,9975.0
2023-12-16,87852,38.0,38.0,7.9,7.7,,,,,31.0,337,,,,,62.57,0.72,106.69,9015.0
2023-12-17,74668,38.0,38.0,7.9,7.7,,,,,35.0,305,,,,,61.72,0.97,,6287.0
2023-12-18,77901,39.0,38.0,7.9,7.7,,,,,31.0,342,,,2.62,,62.74,0.45,109.91,9889.0
2023-12-19,80100,38.0,38.0,7.9,7.7,,,,,30.0,355,,,2.66,,64.01,0.51,108.02,9944.0
2023-12-20,77208,38.0,38.0,7.9,7.8,,,,,27.0,393,,,2.61,,64.25,0.48,106.72,10520.0
2023-12-21,81800,38.0,38.0,7.9,7.8,215.9,283.2,8000.0,6060.0,25.0,429,,,2.62,,64.77,0.44,105.55,9502.0
2023-12-22,77866,38.0,38.0,7.9,7.9,,,,,27.0,400,4.04,3.14,2.64,1.58,63.35,0.37,108.74,9563.0
2023-12-23,74350,38.0,38.0,7.9,7.9,,,,,28.0,384,,,,,64.49,0.38,108.65,10178.0
2023-12-24,72400,38.0,37.0,7.9,7.9,,,,,30.0,349,,,,,67.12,0.4,,7210.0
2023-12-25,72400,38.0,37.0,7.9,7.7,,,,,29.0,360,,,,,63.13,0.61,108.1,10812.0
2023-12-26,72020,38.0,37.0,7.9,7.7,,,,,33.0,319,,,2.76,,64.59,0.58,106.53,9831.0
2023-12-27,80708,38.0,37.0,7.9,7.7,,,,,37.0,285,,,2.71,,64.0,0.48,106.82,9784.0
2023-12-28,78928,39.0,37.0,7.8,7.8,218.1,266.9,7720.0,6130.0,31.0,341,5.09,3.97,2.73,1.66,65.14,0.69,107.52,10052.0
2023-12-29,83259,39.0,37.0,7.8,7.8,,,,,31.0,344,,,2.7,,64.97,0.59,108.04,10334.0
2023-12-30,73470,38.0,37.0,7.8,7.8,,,,,28.0,378,,,,,62.56,0.71,105.01,9944.0
2023-12-31,66402,38.0,37.0,7.9,7.8,,,,,39.0,269,,,,,68.03,0.72,,7890.0
2024-01-01,65470,38.0,38.0,7.9,7.9,,,,,43.0,248,,,,,64.26,0.74,125.53,9216.0
2024-01-02,69300,38.0,38.0,7.9,7.9,,,,,36.0,297,,,2.77,,64.43,0.68,122.2,9748.0
2024-01-03,70570,38.0,38.0,7.9,7.9,,,,,32.0,331,,,2.76,,64.3,0.61,121.99,10400.0
2024-01-04,65563,38.0,38.0,7.9,7.9,,,,,32.0,335,5.51,4.13,2.8,1.71,63.87,0.71,123.0,10288.0
2024-01-05,70050,37.0,38.0,7.9,7.9,191.3,254.7,7880.0,6400.0,32.0,333,,,2.75,,64.78,0.69,94.45,9795.0
2024-01-06,68740,37.0,38.0,7.9,7.9,,,,,32.0,335,,,,,64.99,0.7,95.13,10249.0
2024-01-07,65630,37.0,38.0,7.9,7.9,,,,,33.0,318,,,,,65.96,0.42,,5824.0
2024-01-08,68050,37.0,38.0,7.9,7.9,,,,,31.0,337,,,2.81,,63.78,0.38,95.95,9718.0
2024-01-09,73230,37.0,38.0,7.9,7.9,,,,,32.0,335,,,2.83,,63.38,0.75,121.99,9259.0
2024-01-10,74700,36.0,38.0,7.9,7.8,,,,,30.0,357,,,2.85,,64.08,1.61,123.46,10870.0
2024-01-11,74120,36.0,38.0,7.9,7.9,,,,,31.0,344,,,2.84,,64.1,2.1,120.94,10669.0
2024-01-12,75470,36.0,38.0,7.9,7.9,202.0,228.0,8250.0,7310.0,32.0,329,5.34,4.1,2.78,1.72,64.39,2.05,123.28,9881.0
2024-01-13,72240,36.0,38.0,7.9,7.9,,,,,32.0,336,,,,,64.39,2.19,120.42,10405.0
2024-01-14,71420,36.0,38.0,7.9,7.9,,,,,35.0,307,,,,,66.12,1.8,,8495.0
2024-01-15,74340,36.0,37.0,7.9,7.9,,,,,31.0,347,,,2.83,,63.76,3.11,121.07,9783.0
2024-01-16,67670,36.0,37.0,7.9,7.9,,,,,31.0,338,,,2.83,,62.21,1.24,121.18,10528.0
2024-01-17,73360,36.0,37.0,7.9,7.9,179.2,207.0,8160.0,7950.0,29.0,360,,,2.84,,62.28,0.97,121.41,11528.0
2024-01-18,77090,36.0,37.0,7.9,7.9,,,,,28.0,376,,,2.84,,61.36,1.71,119.51,11411.0
2024-01-19,77480,35.0,37.0,7.9,7.9,,,,,29.0,365,5.22,4.27,2.85,1.8,61.91,2.14,93.84,11661.0
2024-01-20,74700,35.0,36.0,7.9,7.9,,,,,32.0,330,,,,,60.99,0.79,92.36,9971.0
2024-01-21,74320,35.0,36.0,7.9,7.9,,,,,49.0,216,,,,,59.74,1.26,,7200.0
2024-01-22,76160,35.0,36.0,7.9,7.9,,,,,34.0,310,,,2.9,,59.29,0.74,101.99,9729.0
2024-01-23,77140,35.0,36.0,7.9,7.9,,,,,35.0,301,,,2.93,,60.3,0.58,122.44,10136.0
2024-01-24,77890,35.0,35.0,7.7,7.7,417.9,470.0,7840.0,7520.0,37.0,290,,,2.91,,60.89,0.58,121.83,9914.0
2024-01-25,77700,34.0,35.0,7.7,7.7,,,,,36.0,294,4.85,3.97,2.87,1.83,62.09,0.64,94.19,10036.0
2024-01-26,76420,34.0,35.0,7.7,7.7,,,,,37.0,287,,,2.95,,61.47,0.55,123.89,10859.0
2024-01-27,73410,34.0,35.0,7.7,7.7,,,,,37.0,289,,,,,60.75,0.51,151.61,9581.0
2024-01-28,70670,34.0,35.0,7.7,7.7,,,,,45.0,235,,,,,60.65,0.66,,6774.0
2024-01-29,74600,34.0,35.0,7.7,7.7,,,,,40.0,265,,,2.91,,61.4,0.62,134.02,10391.0
2024-01-30,76360,34.0,34.0,7.7,7.7,,,,,48.0,219,,,2.93,,60.43,0.51,,6985.0
2024-01-31,76400,34.0,35.0,7.7,7.7,,,,,20.0,520,5.75,4.58,2.99,1.92,59.03,0.51,,4153.0
2024-02-01,79700,33.0,34.0,7.7,7.7,,,,,38.0,277,,,2.93,,62.49,1.46,136.07,9683.0
2024-02-02,79200,33.0,34.0,7.6,7.6,450.0,384.6,8500.0,7430.0,38.0,276,,,2.94,,62.49,1.16,133.96,12263.0
2024-02-03,75100,33.0,33.0,7.6,7.6,,,,,32.0,336,,,,,62.9,0.84,139.32,10259.0
2024-02-04,72700,33.0,33.0,7.7,7.7,,,,,51.0,206,,,,,61.32,0.84,,7003.0
2024-02-05,87500,33.0,33.0,7.6,7.6,,,,,44.0,243,,,3.03,,63.71,0.65,122.77,10131.0
2024-02-06,81200,32.0,33.0,7.6,7.6,418.2,463.9,9430.0,7250.0,36.0,294,,,3.06,,63.03,0.82,65.53,8529.0
2024-02-07,80600,32.0,32.0,7.6,7.6,,,,,25.0,422,5.09,4.12,3.09,2.02,61.75,0.65,134.12,11407.0
2024-02-08,79205,32.0,32.0,7.6,7.6,,,,,25.0,431,,,3.22,,61.52,0.63,126.67,12201.0
2024-02-09,73655,31.0,32.0,7.6,7.6,,,,,25.0,422,,,,,62.29,0.78,122.23,9789.0
2024-02-10,61923,31.0,32.0,7.7,7.7,,,,,26.0,404,,,,,61.88,0.63,,7164.0
2024-02-11,67122,30.0,31.0,7.7,7.7,,,,,29.0,362,,,,,61.74,0.54,,7395.0
2024-02-12,70967,30.0,31.0,7.6,7.6,,,,,23.0,469,,,,,62.87,0.52,124.09,11116.0
2024-02-13,77445,30.0,30.0,7.6,7.6,,,,,23.0,468,,,3.35,,63.32,0.64,120.7,9537.0
2024-02-14,78652,30.0,30.0,7.6,7.6,,,,,23.0,457,,,3.7,,63.2,0.1,124.12,11886.0
2024-02-15,80650,30.0,30.0,7.6,7.6,411.5,437.2,9100.0,7660.0,23.0,457,6.56,4.95,3.55,2.26,63.31,44.59,123.41,12573.0
2024-02-16,80989,30.0,31.0,7.6,7.6,,,,,25.0,426,,,3.8,,64.37,0.17,124.58,12775.0
2024-02-17,76625,30.0,31.0,7.6,7.6,,,,,22.0,485,,,,,64.24,0.67,122.85,12914.0
2024-02-18,75455,30.0,31.0,7.6,7.6,,,,,30.0,358,,,,,64.33,0.45,,7288.0
2024-02-19,108493,30.0,31.0,7.6,7.6,,,,,28.0,378,,,3.24,,61.39,1.54,125.68,12319.0
2024-02-20,93205,30.0,31.0,7.6,7.6,374.3,411.3,8540.0,7350.0,26.0,408,,,3.17,,63.43,1.2,124.59,11574.0
2024-02-21,89163,30.0,31.0,7.6,7.6,,,,,26.0,405,,,3.22,,63.43,0.87,123.74,11301.0
2024-02-22,84300,31.0,32.0,7.6,7.6,,,,,26.0,404,4.67,3.71,4.48,2.78,62.95,0.55,126.9,11107.0
2024-02-23,83800,31.0,32.0,7.6,7.6,,,,,26.0,404,,,3.32,,63.1,0.6,126.31,11016.0
2024-02-24,75900,31.0,32.0,7.6,7.6,,,,,25.0,421,,,,,62.88,0.5,98.77,9867.0
2024-02-25,76600,31.0,32.0,7.6,7.6,,,,,25.0,419,,,,,62.39,0.54,,8605.0
2024-02-26,84410,31.0,33.0,7.6,7.6,320.6,328.3,7620.0,6830.0,24.0,439,,,3.1,,62.41,0.57,126.67,10367.0
2024-02-27,81600,31.0,33.0,7.6,7.6,,,,,23.0,461,,,3.09,,63.14,0.66,123.4,10882.0
2024-02-28,84108,31.0,33.0,7.6,7.6,,,,,24.0,443,4.73,3.64,3.06,2.03,63.56,0.61,126.62,12441.0
2024-02-29,85993,31.0,33.0,7.6,7.6,,,,,24.0,445,,,,,62.92,0.51,126.55,12247.0
2024-03-01,82930,31.0,33.0,7.6,7.6,,,,,24.0,445,,,,,63.32,0.44,122.8,11981.0
2024-03-02,78234,32.0,33.0,7.6,7.6,,,,,25.0,424,,,,,64.27,0.39,109.93,11814.0
2024-03-03,76535,32.0,33.0,7.6,7.6,,,,,24.0,433,,,,,63.24,0.43,,10218.0
2024-03-04,82363,32.0,33.0,7.6,7.6,,,,,26.0,410,,,3.08,,63.39,0.51,119.04,10262.0
2024-03-05,90614,32.0,33.0,7.6,7.6,130.7,232.7,7750.0,6370.0,27.0,397,,,3.35,,62.88,0.68,117.76,11286.0
2024-03-06,87490,32.0,33.0,7.6,7.6,,,,,26.0,413,,,3.21,,63.88,0.71,122.16,12442.0
2024-03-07,85848,32.0,33.0,7.6,7.6,,,,,23.0,467,,,3.22,,64.26,0.51,115.04,12093.0
2024-03-08,81144,32.0,33.0,7.7,7.0,,,,,23.0,459,5.19,3.82,3.3,2.06,63.66,0.6,120.15,13395.0
2024-03-09,78723,32.0,33.0,7.6,7.0,,,,,30.0,349,,,,,63.62,0.45,66.74,10761.0
2024-03-10,79841,32.0,33.0,7.6,7.0,,,,,31.0,342,,,,,63.23,0.48,,8261.0
2024-03-11,87829,33.0,33.0,7.6,7.0,206.5,209.3,7260.0,6630.0,25.0,423,,,3.09,,66.42,0.61,120.81,11350.0
2024-03-12,88488,33.0,33.0,7.6,6.9,,,,,30.0,356,,,3.18,,63.96,0.67,118.87,12791.0
2024-03-13,87831,33.0,33.0,7.2,6.9,,,,,34.0,313,,,3.46,,63.08,0.55,120.05,12621.0
2024-03-14,86787,33.0,34.0,7.2,6.9,,,,,34.0,316,,,3.05,,63.18,0.59,116.97,12023.0
2024-03-15,84314,33.0,34.0,7.2,6.9,,,,,33.0,326,4.55,3.65,3.73,2.39,63.78,0.62,120.8,12153.0
2024-03-16,80928,34.0,34.0,7.2,7.0,,,,,41.0,259,,,,,62.25,0.59,66.6,10125.0
2024-03-17,76976,34.0,34.0,7.2,6.9,,,,,53.0,201,,,,,61.58,0.8,,7169.0
2024-03-18,81311,34.0,35.0,7.6,7.0,,,,,42.0,250,,,3.02,,62.34,0.64,120.82,9713.0
2024-03-19,85700,35.0,35.0,7.6,7.0,,,,,36.0,293,,,3.25,,62.51,0.69,119.14,10837.0
2024-03-20,86775,35.0,36.0,7.6,6.9,,,,,33.0,326,,,3.1,,61.93,0.57,121.23,11664.0
2024-03-21,82200,35.0,36.0,7.6,6.9,,,,,38.0,282,5.05,4.07,3.05,1.95,62.37,0.62,118.39,10843.0
2024-03-22,77504,35.0,36.0,7.6,6.9,179.3,260.8,8170.0,7260.0,32.0,327,,,3.04,,62.55,0.4,118.65,11553.0
2024-03-23,75662,35.0,36.0,7.7,7.0,,,,,26.0,404,,,,,62.98,0.81,95.06,11592.0
2024-03-24,77268,35.0,36.0,7.7,7.0,,,,,29.0,370,,,,,62.64,0.93,,8348.0
2024-03-25,74723,35.0,36.0,7.6,7.0,,,,,31.0,346,,,3.13,,62.65,0.73,121.59,10718.0
2024-03-26,93561,35.0,36.0,7.6,7.0,,,,,26.0,412,,,3.08,,63.2,0.79,120.68,11997.0
2024-03-27,88035,35.0,36.0,7.6,7.0,240.1,274.0,8210.0,7160.0,32.0,334,6.76,5.66,3.23,2.05,63.19,0.67,120.66,11168.0
2024-03-28,97556,35.0,36.0,7.7,7.7,,,,,30.0,350,,,3.1,,61.87,0.51,108.03,11325.0
2024-03-29,103661,35.0,36.0,7.7,7.7,,,,,28.0,372,,,3.06,,62.89,1.83,122.19,11247.0
2024-03-30,96648,35.0,36.0,7.7,7.7,,,,,29.0,368,,,,,63.32,0.93,96.91,10414.0
2024-03-31,86449,35.0,36.0,7.7,7.7,,,,,28.0,378,,,,,62.62,1.03,,8333.0
2024-04-01,90428,34.0,36.0,7.7,7.7,,,,,28.0,385,,,3.18,,63.39,0.95,114.17,9684.0
2024-04-02,91362,34.0,36.0,7.7,7.7,239.0,321.7,9200.0,8860.0,28.0,379,,,3.13,,62.42,0.71,118.04,8534.0
2024-04-03,118772,35.0,36.0,7.7,7.7,,,,,26.0,403,5.72,4.21,3.11,1.96,62.59,0.55,123.25,11190.0
2024-04-04,108751,35.0,36.0,7.7,7.7,,,,,25.0,423,,,3.14,,62.36,1.25,114.53,10495.0
2024-04-05,95690,34.0,36.0,7.7,7.7,,,,,23.0,460,,,3.06,,61.16,0.91,122.31,11564.0
2024-04-06,93562,34.0,36.0,7.7,7.7,,,,,23.0,459,,,,,63.73,0.91,96.54,10876.0
2024-04-07,86749,34.0,35.0,7.7,7.7,,,,,25.0,419,,,,,65.06,0.84,,8351.0
2024-04-08,90378,34.0,35.0,7.7,7.7,,,,,24.0,436,,,3.12,,63.64,1.03,121.78,9927.0
2024-04-09,91875,34.0,35.0,7.7,7.7,298.0,344.9,8330.0,7300.0,25.0,431,,,3.07,,63.85,0.86,120.24,11562.0
2024-04-10,85600,34.0,35.0,7.7,7.7,,,,,24.0,445,,,,,64.34,0.65,122.84,11572.0
2024-04-11,89588,34.0,35.0,7.7,7.7,,,,,25.0,416,4.88,3.85,3.07,1.97,64.1,0.67,117.55,12307.0
2024-04-12,84015,33.0,35.0,7.7,7.7,,,,,25.0,420,,,3.03,,63.49,0.85,122.35,10447.0
2024-04-13,82400,33.0,36.0,7.7,7.7,,,,,27.0,387,,,,,64.37,0.86,68.37,9209.0
2024-04-14,80006,33.0,36.0,7.7,7.7,,,,,33.0,324,,,,,64.76,0.89,,6047.0
2024-04-15,92489,33.0,36.0,7.7,7.7,,,,,27.0,388,,,3.05,,64.93,0.86,124.21,9609.0
2024-04-16,94280,33.0,36.0,7.7,7.7,,,,,28.0,383,,,3.03,,66.81,1.43,120.14,13911.0
2024-04-17,88665,33.0,36.0,7.7,7.8,,,,,27.0,400,,,3.04,,66.78,1.11,122.97,11814.0
2024-04-18,90505,33.0,36.0,7.7,7.8,118.0,167.1,7880.0,7810.0,25.0,417,7.44,5.49,2.99,1.91,63.16,0.96,120.78,10742.0
2024-04-19,89559,33.0,36.0,7.7,7.8,,,,,26.0,412,,,2.96,,62.56,1.02,122.38,11513.0
2024-04-20,80719,33.0,36.0,7.7,7.8,,,,,28.0,381,,,,,62.28,0.77,68.86,9391.0
2024-04-21,83162,33.0,36.0,7.7,7.8,,,,,30.0,351,,,,,61.09,0.78,,6780.0
2024-04-22,85917,32.0,36.0,7.7,7.8,,,,,27.0,390,,,3.03,,62.99,1.05,95.56,9611.0
2024-04-23,82409,32.0,36.0,7.7,7.8,,,,,30.0,359,,,2.92,,64.92,0.91,121.47,10376.0
2024-04-24,83943,32.0,36.0,7.7,7.8,472.9,222.7,7120.0,7720.0,27.0,388,,,2.94,,66.02,0.71,125.01,14463.0
2024-04-25,85643,32.0,36.0,7.7,7.8,,,,,27.0,400,,,2.88,,63.19,0.96,121.7,10732.0
2024-04-26,81825,32.0,36.0,7.7,7.8,,,,,27.0,396,5.28,3.91,2.96,1.86,62.54,0.97,122.12,11654.0
2024-04-27,79966,32.0,36.0,7.7,7.9,,,,,34.0,309,,,,,62.04,0.88,97.18,10520.0
2024-04-28,77269,32.0,37.0,7.7,7.8,,,,,41.0,256,,,,,61.1,0.93,,6915.0
2024-04-29,97869,32.0,37.0,7.8,7.9,,,,,31.0,346,,,2.99,,63.32,0.83,125.07,9618.0
2024-04-30,90321,33.0,37.0,7.8,7.9,,,,,29.0,362,,,2.94,,64.3,0.97,119.96,11530.0
2024-05-01,83339,33.0,37.0,7.7,7.9,,,,,29.0,360,,,,,62.24,1.0,122.2,10987.0
2024-05-02,82572,34.0,37.0,7.7,7.9,,,,,32.0,330,4.47,3.35,2.95,1.86,62.41,0.85,98.96,10821.0
2024-05-03,80123,35.0,38.0,7.7,7.9,110.3,189.3,8430.0,7520.0,32.0,333,,,2.87,,62.97,0.75,97.66,9380.0
2024-05-04,81400,35.0,38.0,7.8,7.9,,,,,32.0,331,,,,,62.23,0.76,96.75,9542.0
2024-05-05,88200,36.0,38.0,7.8,7.9,,,,,35.0,301,,,,,61.37,0.65,,7333.0
2024-05-06,115704,36.0,38.0,7.8,7.9,,,,,33.0,326,,,,,62.33,1.33,99.24,8505.0
2024-05-07,106213,37.0,38.0,7.8,7.9,346.2,240.8,7730.0,7860.0,31.0,346,,,2.88,,64.85,1.14,121.24,10665.0
2024-05-08,100015,37.0,38.0,7.8,7.9,,,,,33.0,325,,,2.86,,62.74,0.97,123.73,10322.0
2024-05-09,95380,38.0,39.0,7.8,8.0,,,,,28.0,378,,,2.86,,63.6,0.85,95.66,10864.0
2024-05-10,93296,38.0,38.0,7.8,7.9,,,,,29.0,369,4.75,3.68,2.91,1.81,63.53,1.01,98.27,11252.0
2024-05-11,89514,38.0,38.0,7.8,7.9,,,,,28.0,380,,,,,64.41,0.85,92.09,10942.0
2024-05-12,92167,37.0,37.0,7.8,7.9,,,,,30.0,349,,,,,63.0,1.35,,8264.0
2024-05-13,93938,37.0,37.0,7.8,7.9,,,,,28.0,376,,,2.88,,63.42,1.15,124.13,10187.0
2024-05-14,91621,37.0,37.0,7.8,7.8,283.9,207.3,8080.0,8380.0,24.0,439,4.48,3.5,2.86,1.77,64.76,0.96,121.94,12297.0
2024-05-15,89061,37.0,36.0,7.8,7.8,,,,,26.0,409,,,,,62.36,1.07,98.21,10730.0
2024-05-16,86650,37.0,36.0,7.8,7.8,,,,,26.0,408,,,2.87,,62.72,0.93,99.66,11174.0
2024-05-17,90948,37.0,36.0,7.8,7.9,,,,,27.0,396,,,2.86,,63.23,1.04,98.54,10514.0
2024-05-18,80889,37.0,36.0,7.8,7.9,,,,,27.0,397,,,,,62.63,0.94,97.48,9149.0
2024-05-19,76514,37.0,37.0,7.8,7.9,,,,,29.0,365,,,,,60.61,0.88,,6913.0
2024-05-20,77888,37.0,37.0,7.8,7.9,,,,,28.0,376,,,2.99,,62.95,1.1,123.14,10247.0
2024-05-21,83677,37.0,37.0,7.8,7.9,,,,,28.0,380,,,2.9,,63.04,0.95,123.82,10710.0
2024-05-22,86319,37.0,37.0,7.8,7.9,,,,,29.0,362,,,2.9,,61.88,0.86,99.56,10299.0
2024-05-23,83423,37.0,37.0,7.8,7.9,,,,,30.0,359,5.34,4.14,2.9,1.95,61.06,0.88,99.38,9828.0
2024-05-24,84764,37.0,37.0,7.8,7.9,,,,,35.0,302,,,2.93,,61.15,1.28,98.53,9638.0
2024-05-25,82374,37.0,37.0,7.8,7.9,,,,,26.0,404,,,,,62.4,1.31,97.42,9015.0
2024-05-26,77592,37.0,37.0,7.8,7.9,,,,,27.0,391,,,,,63.82,0.53,,8495.0
2024-05-27,85174,37.0,37.0,7.8,7.9,,,,,34.0,309,,,3.09,,62.66,3.3,124.23,10703.0
2024-05-28,85140,37.0,37.0,7.8,7.9,187.2,166.4,9090.0,8420.0,29.0,360,,,3.04,,64.42,1.49,123.83,10548.0
2024-05-29,84397,37.0,37.0,7.8,7.9,,,,,27.0,395,,,3.02,,63.62,1.11,101.19,9972.0
2024-05-30,78400,37.0,37.0,7.8,7.9,,,,,24.0,436,4.5,3.5,3.03,1.89,64.74,1.07,100.22,10334.0
2024-05-31,79755,37.0,37.0,7.8,7.9,,,,,23.0,462,,,3.01,,63.86,1.14,100.49,10656.0
2024-06-01,77701,37.0,37.0,7.8,7.9,,,,,26.237623762376238,404,,,,,65.6,1.38,123.07000000000001,10891.0
2024-06-02,73702,37.0,37.0,7.9,7.9,,,,,25.980392156862745,408,,,,,64.32,0.97,0.0,7786.0
2024-06-03,78850,37.0,37.0,7.8,7.9,,,,,26.30272952853598,403,,,3.02,,67.58,1.18,150.09,10450.0
2024-06-04,79000,37.0,37.0,7.9,7.9,198.9,262.5,9310.0,7940.0,27.532467532467532,385,,,2.97,,67.24,1.26,125.74999999999999,10355.0
2024-06-05,84200,37.0,37.0,7.9,7.9,,,,,25.603864734299517,414,5.27,4.08,2.96,1.93,68.64,1.04,145.54,10228.0
2024-06-06,81100,37.0,37.0,7.9,7.9,,,,,25.118483412322274,422,,,2.92,,68.2,0.87,100.68,9597.0
2024-06-07,80939,37.0,37.0,7.9,7.9,,,,,25.603864734299517,414,,,,,65.74,3.08,112.91,10062.0
2024-06-08,80877,37.0,37.0,7.9,7.9,,,,,25.358851674641148,418,,,,,67.61,1.05,113.87999999999998,10148.0
2024-06-09,89280,37.0,37.0,7.9,7.9,,,,,28.571428571428573,371,,,,,67.67,2.37,,7723.0
2024-06-10,83193,37.0,37.0,7.9,7.9,,,,,27.676240208877285,383,,,2.88,,64.61,2.04,126.41000000000001,10539.0
2024-06-11,87807,37.0,37.0,7.9,7.9,250.5,235.9,8350.0,7980.0,24.367816091954023,435,,,3.01,,65.37,2.08,111.74,10546.0
2024-06-12,87984,37.0,37.0,7.9,7.9,,,,,22.26890756302521,476,5.28,4.1,2.9,1.9,66.25,1.69,126.6,11006.0
2024-06-13,88403,37.0,37.0,7.9,7.9,,,,,24.88262910798122,426,,,2.97,,66.29,1.77,112.36999999999999,12465.0
2024-06-14,85673,38.0,37.0,7.9,7.9,,,,,23.093681917211327,459,,,2.96,,60.7,1.61,127.11,11494.0
2024-06-15,83233,38.0,37.0,7.9,7.9,,,,,22.943722943722943,462,,,,,61.12,1.55,130.26,12052.0
2024-06-16,80673,38.0,37.0,7.9,7.9,,,,,23.713646532438478,447,,,,,62.83,2.31,,7842.0
2024-06-17,86883,38.0,37.0,7.9,7.9,,,,,23.608017817371937,449,,,2.92,,61.03,1.75,127.09,10412.0
2024-06-18,86940,37.0,37.0,7.9,7.9,,,,,24.145785876993166,439,,,2.99,,60.85,1.63,111.74,10874.0
2024-06-19,86900,37.0,37.0,7.9,7.9,263.4,285.0,8290.0,7570.0,22.99349240780911,461,5.84,4.35,2.9,1.86,61.53,1.47,126.94,10867.0
2024-06-20,86566,37.0,37.0,7.9,7.9,,,,,24.03628117913832,441,,,,,61.53,2.47,112.57,10511.0
2024-06-21,83424,37.0,37.0,7.9,7.9,,,,,23.766816143497756,446,,,,,64.39,1.42,126.71000000000001,10621.0
2024-06-22,97262,37.0,37.0,7.9,7.9,,,,,23.927765237020317,443,,,,,64.04,0.65,127.32,9882.0
2024-06-23,92718,37.0,37.0,7.9,7.9,,,,,24.200913242009133,438,,,,,62.04,2.48,,7562.0
2024-06-24,92100,37.0,37.0,7.9,7.9,,,,,25.41966426858513,417,,,,,64.06,2.0,126.60999999999999,10417.0
2024-06-25,91300,37.0,37.0,7.9,7.9,,,,,26.108374384236452,406,,,,,64.14,1.78,112.15,10318.0
2024-06-26,74980,37.0,37.0,7.9,7.9,,,,,32.91925465838509,322,,,,,66.39,15.65,108.91000000000001,7258.0
2024-06-27,90200,37.0,37.0,7.9,7.9,,,,,23.981900452488688,442,,,,,63.65,0.92,112.26,10449.0
2024-06-28,87973,37.0,38.0,7.9,7.9,,,,,24.941176470588236,425,,,,,62.06,1.1,133.89,11178.0
2024-06-29,90517,37.0,38.0,7.9,7.9,,,,,25.790754257907544,411,,,,,62.91,0.61,127.19999999999999,9650.0
2024-06-30,110100,37.0,38.0,7.9,7.9,,,,,30.54755043227666,347,,,,,59.85,2.33,,7205.0
2024-07-01,104320,37.0,38.0,7.9,7.9,,,,,23.981900452488688,442,,,,,63.2,2.21,130.39,10533.0
2024-07-02,111531,37.0,38.0,7.9,7.9,,,,,24.42396313364055,434,,,,,63.07,1.2,106.46,10328.0
2024-07-03,107130,37.0,38.0,7.9,7.9,,,,,29.12087912087912,364,,,,,62.88,2.25,130.84,10658.0
2024-07-04,102150,37.0,38.0,7.9,7.9,186.0,179.0,9000.0,8800.0,30.02832861189802,353,,,,,62.2,2.05,107.33,10825.0
2024-07-05,102010,38.0,38.0,7.9,7.9,,,,,26.700251889168765,397,4.88,3.83,2.9,1.88,62.08,1.98,130.83,10739.0
2024-07-06,94370,38.0,38.0,7.9,7.9,,,,,28.88283378746594,367,,,,,62.4,2.0,106.55,9644.0
2024-07-07,89189,38.0,38.0,7.9,7.9,,,,,28.04232804232804,378,,,,,59.1,1.38,0.0,5642.0
2024-07-08,93622,38.0,38.0,7.9,7.9,,,,,25.17814726840855,421,,,,,62.59,1.21,102.78,10786.0
2024-07-09,93953,37.0,38.0,8.0,8.0,,,,,25.66585956416465,413,,,,,62.98,1.5,106.37,9550.0
2024-07-10,104839,37.0,37.0,8.0,8.0,,,,,24.941176470588236,425,,,,,62.63,2.07,131.35,10391.0
2024-07-11,102945,37.0,37.0,8.0,8.0,166.0,176.0,8700.0,8500.0,27.894736842105264,380,,,,,61.98,1.65,101.07,9899.0
2024-07-12,100962,37.0,38.0,8.0,8.0,,,,,27.39018087855297,387,,,,,62.68,1.94,134.18,11759.0
2024-07-13,91911,37.0,38.0,8.0,8.0,,,,,30.285714285714285,350,,,,,62.04,1.71,107.23,9983.0
2024-07-14,102669,37.0,38.0,8.0,8.0,,,,,32.61538461538461,325,,,,,60.54,1.27,0.0,7205.0
2024-07-15,109062,37.0,38.0,7.9,7.9,,,,,32.91925465838509,322,,,,,62.12,2.06,149.16,10272.0
2024-07-16,113109,37.0,38.0,8.0,8.0,,,,,30.813953488372093,344,,,,,61.77,1.42,100.43,10202.0
2024-07-17,100064,37.0,38.0,8.0,8.0,,,,,28.116710875331567,377,,,,,64.79,2.22,125.53,12115.0
2024-07-18,94310,37.0,38.0,8.0,8.0,199.0,221.0,9000.0,8600.0,28.88283378746594,367,,,,,67.18,1.76,122.85,11033.0
2024-07-19,96783,37.0,38.0,8.0,8.0,,,,,34.41558441558441,308,4.56,3.6,2.84,1.74,67.09,2.11,125.1,10964.0
2024-07-20,95552,37.0,38.0,8.0,8.0,,,,,27.894736842105264,380,,,,,64.67,1.54,98.01,9775.0
2024-07-21,94020,37.0,38.0,8.0,8.0,,,,,31.085043988269796,341,,,,,61.29,1.67,0.0,7575.0
2024-07-22,95882,37.0,38.0,8.0,8.0,,,,,29.041095890410958,365,,,,,63.48,1.54,150.28,10485.0
2024-07-23,95571,37.0,38.0,8.0,8.0,,,,,29.281767955801104,362,,,,,66.31,1.75,125.48,10665.0
2024-07-24,113757,38.0,38.0,8.0,8.0,,,,,31.4540059347181,337,,,,,64.71,1.29,127.85,10120.0
2024-07-25,110926,38.0,38.0,8.0,8.0,512.0,569.0,8530.0,7940.0,28.116710875331567,377,,,,,65.71,2.63,103.35,9763.0
2024-07-26,108029,38.0,38.0,8.0,8.0,,,,,26.3681592039801,402,4.7,3.56,2.82,1.66,65.16,2.71,127.71,9659.0
2024-07-27,99631,38.0,38.0,8.0,8.0,,,,,29.608938547486034,358,,,,,64.81,2.57,54.04,9698.0
2024-07-28,89230,38.0,38.0,8.0,8.0,,,,,36.177474402730375,293,,,,,63.1,1.91,0.0,6986.0
2024-07-29,92683,38.0,38.0,8.0,8.0,,,,,29.859154929577464,355,,,,,64.02,2.31,152.3,10100.0
2024-07-30,91608,38.0,38.0,8.0,8.0,,,,,31.4540059347181,337,,,,,65.33,2.02,118.29,10354.0
2024-07-31,90110,38.0,38.0,8.0,8.0,,,,,31.085043988269796,341,,,,,67.76,2.25,146.01,10402.0
2024-08-01,79950,38.0,38.0,8.1,8.1,202.0,809.0,8570.0,8870.0,27.821522309711288,381,,,,,65.69,3.83,100.53,10472.0
2024-08-02,71389,38.0,38.0,8.0,8.0,,,,,26.903553299492387,394,4.8,3.6,2.9,1.72,67.51,3.09,123.64,10144.0
2024-08-03,69747,38.0,38.0,8.0,8.0,,,,,29.69187675070028,357,,,,,66.44,2.53,100.05,10165.0
2024-08-04,71414,38.0,38.0,8.0,8.0,,,,,51.45631067961165,206,,,,,62.89,1.66,0.0,5131.0
2024-08-05,84080,38.0,38.0,8.0,8.0,,,,,36.42611683848797,291,,,,,64.33,1.86,146.69,9134.0
2024-08-06,92924,38.0,38.0,8.0,8.0,,,,,32.31707317073171,328,,,,,64.77,1.83,121.09,9342.0
2024-08-07,93471,38.0,38.0,8.0,8.0,,,,,30.63583815028902,346,,,,,66.41,1.82,145.32,9032.0
2024-08-08,92933,38.0,38.0,7.8,7.8,251.0,541.0,8540.0,7920.0,29.201101928374655,363,,,,,65.24,2.02,101.88,9457.0
2024-08-09,94216,38.0,38.0,7.6,7.6,,,,,32.31707317073171,328,4.57,3.26,2.57,1.46,64.28,2.21,102.88,9168.0
2024-08-10,90953,38.0,38.0,7.6,7.6,,,,,31.085043988269796,341,,,,,64.01,2.43,102.08,9272.0
2024-08-11,80546,38.0,38.0,7.6,7.6,,,,,45.1063829787234,235,,,,,62.35,1.57,0.0,5247.0
2024-08-12,87024,38.0,38.0,7.6,7.6,,,,,43.80165289256198,242,,,,,63.98,1.62,122.94,8409.0
2024-08-13,90430,38.0,38.0,7.6,7.6,733.0,507.0,9490.0,7960.0,34.193548387096776,242,,,,,64.59,1.82,123.03,9322.0
2024-08-14,89646,38.0,39.0,7.6,7.6,,,,,30.994152046783626,342,,,,,66.59,1.98,123.14,10548.0
2024-08-15,83811,38.0,39.0,7.7,7.7,,,,,33.65079365079365,315,,,,,66.71,2.21,101.33,9985.0
2024-08-16,85281,38.0,39.0,7.7,7.7,,,,,33.021806853582554,321,4.61,3.26,3.05,1.72,66.78,1.83,101.42,10195.0
2024-08-17,84567,38.0,39.0,7.7,7.7,,,,,30.285714285714285,350,,,,,66.39,1.78,129.5,10149.0
2024-08-18,79538,38.0,39.0,7.7,7.7,,,,,32.61538461538461,325,,,,,62.04,1.72,0.0,6077.0
2024-08-19,86015,37.0,39.0,7.7,7.7,,,,,32.415902140672785,327,,,,,64.43,1.62,123.56,9743.0
2024-08-20,103192,37.0,38.0,7.7,7.7,,,,,41.89723320158103,253,,,,,67.3,1.42,74.59,8404.0
2024-08-21,101413,37.0,38.0,7.7,7.7,,,,,27.39018087855297,387,,,,,65.79,1.93,121.56,9006.0
2024-08-22,93149,37.0,38.0,7.7,7.7,348.0,301.0,8600.0,8700.0,27.249357326478147,389,,,,,65.5,2.5,123.0,9845.0
2024-08-23,89757,37.0,38.0,7.7,7.7,,,,,30.113636363636363,352,6.57,5.37,2.86,1.82,66.59,2.08,103.35,10327.0
2024-08-24,92611,37.0,38.0,7.7,7.7,,,,,30.903790087463555,343,,,,,66.5,2.14,104.51,10452.0
2024-08-25,79488,37.0,38.0,7.7,7.7,,,,,34.08360128617363,311,,,,,65.12,1.7,0.0,6647.0
2024-08-26,86519,37.0,38.0,7.7,7.7,,,,,26.433915211970074,401,,,,,65.85,1.67,123.82,9945.0
2024-08-27,85648,37.0,38.0,7.7,7.7,,,,,27.74869109947644,382,,,,,64.97,1.72,124.49,9546.0
2024-08-28,85722,37.0,38.0,7.7,7.7,,,,,25.29832935560859,419,,,,,64.69,1.45,124.93,9758.0
2024-08-29,81772,37.0,38.0,7.7,7.7,407.0,318.0,7800.0,8000.0,26.5,400,,,,,63.35,1.57,101.47,9398.0
2024-08-30,77872,37.0,38.0,7.7,7.7,,,,,28.04232804232804,378,5.06,3.79,2.85,1.95,63.76,1.82,100.98,10129.0
2024-08-31,66490,37.0,38.0,7.7,7.7,,,,,26.700251889168765,397,,,,,63.65,1.64,101.84,8476.0
2024-09-01,76960,37.0,38.0,7.7,7.7,,,,,25.603864734299517,414,,,,,61.57,1.31,0.0,5081.0
2024-09-02,66715,37.0,38.0,7.7,7.7,,,,,27.17948717948718,390,,,,,63.95,1.46,138.19,9455.0
2024-09-03,70599,37.0,38.0,7.7,7.7,,,,,24.824355971896956,427,,,,,67.24,1.83,124.3,10299.0
2024-09-04,78455,37.0,38.0,7.7,7.7,,,,,24.480369515011546,433,,,,,67.18,1.69,130.1,10630.0
2024-09-05,79037,37.0,38.0,7.7,7.7,328.0,332.0,8470.0,8780.0,25.29832935560859,419,,,,,66.48,1.68,109.66,11756.0
2024-09-06,79743,37.0,38.0,7.7,7.7,,,,,26.044226044226043,407,5.78,4.6,3.8,2.0,66.03,1.85,108.92,11262.0
2024-09-07,72653,37.0,38.0,7.7,7.7,,,,,28.19148936170213,376,,,,,64.71,1.84,109.14,10524.0
2024-09-08,75074,37.0,38.0,7.7,7.7,,,,,29.041095890410958,365,,,,,61.62,1.39,0.0,10524.0
2024-09-09,81872,37.0,38.0,7.7,7.7,,,,,26.835443037974684,395,,,,,64.02,1.73,131.79,10505.0
2024-09-10,82935,37.0,38.0,7.7,7.7,,,,,27.894736842105264,380,,,,,64.94,1.9,133.6,11001.0
2024-09-11,79777,37.0,38.0,7.7,7.7,,,,,25.790754257907544,411,,,,,67.17,2.02,132.85,11197.0
2024-09-12,83689,37.0,38.0,7.7,7.7,473.0,407.0,7900.0,7800.0,30.37249283667622,349,,,,,66.14,2.04,105.75,12196.0
2024-09-13,84607,37.0,38.0,7.7,7.7,,,,,29.444444444444443,360,2.9,1.6,6.0,1.6,66.39,2.06,103.88,10527.0
2024-09-14,73589,38.0,38.0,7.7,7.7,,,,,22.844827586206897,464,,,,,63.26,2.12,104.4,8779.0
2024-09-15,73181,38.0,38.0,7.7,7.7,,,,,26.835443037974684,395,,,,,62.29,1.52,0.0,5554.0
2024-09-16,77324,38.0,38.0,7.7,7.7,,,,,25.41966426858513,417,,,,,65.05,1.67,133.52,10230.0
2024-09-17,76336,38.0,38.0,7.7,7.7,,,,,30.45977011494253,348,,,,,62.42,1.37,0.0,5775.0
2024-09-18,70155,38.0,39.0,7.7,7.7,,,,,25.238095238095237,420,,,,,65.25,2.0,133.42,10969.0
2024-09-19,85125,38.0,39.0,7.7,7.7,275.0,222.0,7930.0,8030.0,24.09090909090909,440,,,,,67.15,2.04,108.5,11362.0
2024-09-20,91471,38.0,38.0,7.7,7.7,,,,,25.790754257907544,411,5.8,4.68,3.0,2.0,67.33,1.74,109.06,10583.0
2024-09-21,105840,38.0,38.0,7.7,7.7,,,,,29.859154929577464,355,,,,,66.55,1.42,109.98,10049.0
2024-09-22,106066,37.0,38.0,7.7,7.7,,,,,26.5,400,,,,,63.65,1.05,0.0,5058.0
2024-09-23,97564,37.0,38.0,7.7,7.7,,,,,24.766355140186917,428,,,,,64.48,1.23,132.55,10549.0
2024-09-24,98488,37.0,38.0,7.7,7.7,,,,,28.49462365591398,372,,,,,66.78,1.36,134.39,11843.0
2024-09-25,102073,37.0,37.0,7.7,7.7,,,,,26.835443037974684,395,,,,,67.36,1.33,133.68,13056.0
2024-09-26,93991,37.0,38.0,7.7,7.7,120.0,168.0,8110.0,7710.0,28.64864864864865,370,,,,,65.81,1.47,105.31,10983.0
2024-09-27,92772,37.0,37.0,7.7,7.7,,,,,26.5,400,5.2,3.9,2.7,1.5,66.37,1.56,105.07,10814.0
2024-09-28,83818,37.0,37.0,7.7,7.7,,,,,29.041095890410958,365,,,,,65.63,1.53,101.82,10388.0
2024-09-29,79012,37.0,38.0,7.7,7.7,,,,,34.75409836065574,305,,,,,61.21,0.94,0.0,4881.0
2024-09-30,81500,37.0,38.0,7.7,7.7,,,,,32.02416918429003,331,,,,,61.81,1.35,131.88,10345.0
2024-10-01,87377,37.0,38.0,7.7,7.7,,,,,25.0,418,,,,,64.05,1.32,129.38,10052.0
2024-10-02,86195,37.0,37.0,7.7,7.7,,,,,26.0,403,,,,,65.33,1.44,129.42,10875.0
2024-10-03,84098,37.0,37.0,7.7,7.7,,,,,28.0,385,,,,,67.67,1.22,109.29,10729.0
2024-10-04,82546,37.0,37.0,7.7,7.7,,,,,28.0,375,3.7,2.6,2.9,1.7,68.24,1.24,128.54,10324.0
2024-10-05,80519,37.0,37.0,7.7,7.7,,,,,28.0,384,,,,,68.33,1.17,108.75,11882.0
2024-10-06,81557,36.0,37.0,7.7,7.7,,,,,33.0,320,,,,,61.37,0.76,0.0,4913.0
2024-10-07,81110,37.0,37.0,7.7,7.7,,,,,30.0,353,,,,,63.17,1.09,107.41,9581.0
2024-10-08,81610,37.0,37.0,7.7,7.7,,,,,28.0,377,,,,,62.51,1.06,106.41,9961.0
2024-10-09,77828,37.0,37.0,7.7,7.7,,,,,25.0,425,,,,,64.74,1.12,107.25,10556.0
2024-10-10,76023,37.0,37.0,7.7,7.7,531.0,74.0,8160.0,7150.0,29.0,369,,,,,65.12,1.21,96.8,10002.0
2024-10-11,79923,37.0,38.0,7.7,7.7,,,,,28.0,384,3.2,2.3,2.7,1.6,64.13,1.05,100.62,10330.0
2024-10-12,79815,37.0,38.0,7.7,7.7,,,,,24.0,451,,,,,63.04,1.1,77.38,9228.0
2024-10-13,76305,37.0,38.0,7.7,7.7,,,,,23.0,459,,,,,60.54,0.64,0.0,6170.0
2024-10-14,78738,38.0,39.0,7.7,7.7,,,,,25.0,430,,,,,62.35,1.08,131.66,9913.0
2024-10-15,84888,38.0,39.0,7.7,7.7,,,,,27.0,389,,,,,61.75,1.43,129.28,10608.0
2024-10-16,88200,38.0,39.0,7.2,7.2,,,,,27.0,397,,,,,63.0,1.9,130.18,9565.0
2024-10-17,84746,38.0,39.0,7.2,7.2,355.0,402.0,7210.0,6520.0,20.0,529,,,,,64.65,1.51,127.59,10570.0
2024-10-18,90290,37.0,39.0,7.2,7.2,,,,,20.0,534,4.4,3.4,2.6,1.5,65.57,1.07,128.86,10912.0
2024-10-19,88683,37.0,38.0,7.1,7.2,,,,,21.0,510,,,,,67.64,2.93,107.74,11508.0
2024-10-20,87119,37.0,38.0,7.1,7.1,,,,,20.0,534,,,,,67.34,1.09,0.0,7580.0
2024-10-21,85523,37.0,38.0,7.0,7.1,,,,,21.0,513,,,,,64.48,1.24,133.95,10230.0
2024-10-22,104255,37.0,38.0,7.0,7.0,,,,,21.0,513,,,,,65.28,1.31,131.71,10952.0
2024-10-23,88392,37.0,38.0,7.0,7.1,,,,,21.0,502,,,,,64.66,1.85,107.52,10787.0
2024-10-24,82465,37.0,38.0,7.0,7.1,205.0,60.0,6900.0,6570.0,21.0,511,,,,,64.61,1.31,129.16,11399.0
2024-10-25,82477,37.0,38.0,7.0,7.1,,,,,20.0,539,3.9,3.1,,,66.67,1.27,95.85,11409.0
2024-10-26,77415,37.0,38.0,7.0,7.2,,,,,19.0,559,,,,,65.46,1.19,83.81,9714.0
2024-10-27,72682,37.0,38.0,7.0,7.1,,,,,20.0,537,,,,,60.83,0.64,0.0,5211.0
2024-10-28,89180,37.0,38.0,7.0,7.1,,,,,20.0,542,,,,,61.58,1.41,108.68,10180.0
2024-10-29,87146,37.0,39.0,7.0,7.1,,,,,28.0,372,,,,,69.27,23.17,124.82,8359.0
2024-10-30,81993,37.0,39.0,7.0,7.1,,,,,20.0,520,,,,,65.58,1.37,107.07,11330.0
2024-10-31,74813,37.0,38.0,7.0,7.1,149.0,110.0,6620.0,5930.0,21.0,499,,,,,64.52,1.54,127.67,11776.0
2024-11-01,84991,38.0,39.0,7.0,7.1,,,,,27.040816326530614,392,3.88,2.36,2.42,1.41,61.66,1.61,78.97999999999999,9772.0
2024-11-02,88046,38.0,39.0,7.0,7.1,,,,,20.54263565891473,516,,,,,61.98,4.65,104.93,9874.0
2024-11-03,84646,38.0,40.0,7.0,7.1,,,,,20.948616600790515,506,,,,,60.29,1.17,0.0,6109.0
2024-11-04,89575,38.0,40.0,7.0,7.1,138.0,182.0,6280.0,5720.0,20.54263565891473,516,,,,,62.94,2.27,108.5,10833.0
2024-11-05,86259,38.0,39.0,7.0,7.1,,,,,19.887429643527206,533,,,,,64.35,1.6,49.980000000000004,9082.0
2024-11-06,86331,37.0,39.0,7.0,7.1,,,,,22.175732217573223,478,,,,,62.38,4.28,130.76,11031.0
2024-11-07,83724,37.0,39.0,7.0,7.1,,,,,22.89416846652268,463,,,,,65.57,4.99,119.11,12166.0
2024-11-08,83395,37.0,39.0,7.0,7.1,,,,,34.08360128617363,311,3.26,2.1,2.37,1.35,64.87,3.97,129.41,11481.0
2024-11-09,78393,38.0,39.0,7.0,7.1,,,,,31.36094674556213,338,,,,,60.71,3.06,74.74,8012.0
2024-11-10,74329,38.0,39.0,7.0,7.1,,,,,35.09933774834437,302,,,,,56.02,0.73,0.0,5294.0
2024-11-11,80660,38.0,39.0,7.0,7.1,164.0,156.0,6560.0,5970.0,26.237623762376238,404,,,,,60.4,3.56,107.01,9159.0
2024-11-12,80231,37.0,38.0,7.0,7.1,,,,,28.342245989304814,374,,,,,61.42,2.22,127.69,10055.0
2024-11-13,78150,37.0,38.0,7.0,7.1,,,,,26.3681592039801,402,,,,,62.34,1.86,103.16,10782.0
2024-11-14,77931,37.0,38.0,7.0,7.1,,,,,23.296703296703296,455,,,,,63.04,2.44,124.44,10439.0
2024-11-15,74477,37.0,38.0,7.0,7.1,,,,,26.835443037974684,395,3.7,2.72,2.45,1.44,60.12,3.02,104.96,11413.0
2024-11-16,69951,37.0,38.0,7.0,7.0,,,,,26.237623762376238,404,,,,,58.86,2.12,73.83,9679.0
2024-11-17,75708,37.0,38.0,7.0,7.0,,,,,24.03628117913832,441,,,,,60.24,1.68,0.0,5735.0
2024-11-18,75473,37.0,38.0,7.0,7.1,123.0,167.0,7060.0,6140.0,23.766816143497756,446,,,,,60.12,1.32,73.44,7794.0
2024-11-19,74151,37.0,38.0,7.0,7.1,,,,,22.31578947368421,475,,,,,61.12,2.86,71.98,8494.0
2024-11-20,72177,37.0,38.0,7.0,7.1,,,,,20.907297830374752,507,,,,,61.8,3.19,71.19,5191.0
2024-11-21,78482,37.0,38.0,7.0,7.1,,,,,21.54471544715447,492,,,,,63.64,4.07,50.85,7254.0
2024-11-22,81435,37.0,38.0,7.0,7.1,,,,,21.58859470468432,491,4.0,2.85,2.6,1.56,63.45,9.57,47.43,7254.0
2024-11-23,71645,37.0,38.0,7.0,7.1,,,,,22.746781115879827,466,,,,,62.41,7.86,47.66,7254.0
2024-11-24,70888,37.0,38.0,7.0,7.1,,,,,21.115537848605577,502,,,,,59.7,3.08,0.0,7254.0
2024-11-25,76189,37.0,38.0,7.0,7.0,189.0,129.0,6590.0,5570.0,20.19047619047619,525,,,,,62.76,4.5,107.25,8682.0
2024-11-26,74193,37.0,38.0,7.0,7.0,,,,,24.09090909090909,440,,,,,61.74,4.51,108.98,7254.0
2024-11-27,68481,37.0,38.0,7.0,7.1,,,,,22.89416846652268,463,,,,,63.52,3.36,107.9,8598.0
2024-11-28,73627,37.0,38.0,7.0,7.0,,,,,25.29832935560859,419,,,,,62.85,2.73,128.39,8646.0
2024-11-29,75886,37.0,38.0,7.0,7.0,,,,,23.766816143497756,446,3.21,2.35,2.62,1.59,62.22,2.96,123.94,9114.0
2024-11-30,71525,37.0,38.0,7.0,7.1,,,,,22.31578947368421,475,,,,,62.54,4.14,102.18,9798.0
2024-12-01,70582,37.3,37.8,7.0,7.0,,,,,23.0,471,,,,,58.04,1.55,0.0,7244.0
2024-12-02,69723,37.1,37.5,7.0,7.0,113.0,116.0,4960.0,4040.0,21.0,508,,,,,61.14,2.39,107.3,8360.0
2024-12-03,73040,37.1,37.5,7.0,7.0,,,,,23.0,453,,,,,62.74,2.63,128.46,11958.0
2024-12-04,89344,37.0,37.5,7.1,7.0,,,,,24.0,442,,,,,63.51,2.92,104.01,11039.0
2024-12-05,82850,36.8,37.2,7.0,7.0,,,,,25.0,428,,,,,63.02,20.45,125.16,11243.0
2024-12-06,87989,36.9,37.4,7.0,7.0,,,,,34.0,314,3.82,2.83,2.47,1.51,61.61,3.79,103.21,10519.0
2024-12-07,60571,37.1,37.6,7.0,7.1,,,,,38.0,278,,,,,61.67,0.75,70.45,7583.0
2024-12-08,59817,37.4,37.9,7.1,7.1,,,,,39.0,273,,,,,55.99,1.19,0.0,4956.0
2024-12-09,77561,37.5,38.1,7.0,7.1,59.0,68.0,5060.0,4360.0,28.0,376,,,,,65.36,1.58,104.25,7944.0
2024-12-10,78519,37.3,38.0,7.1,7.1,,,,,23.0,465,,,,,65.61,1.83,126.58,8812.0
2024-12-11,87432,37.2,37.9,7.1,7.1,,,,,23.0,467,,,,,65.1,1.87,77.68,10525.0
2024-12-12,80252,37.1,37.9,7.1,7.1,,,,,35.0,304,,,,,68.92,45.76,101.27,8642.0
2024-12-13,81087,37.2,38.0,7.1,7.1,,,,,29.0,369,4.8,3.57,2.59,1.53,66.22,1.08,131.2,9664.0
2024-12-14,79684,37.2,38.1,7.1,7.1,,,,,27.0,397,,,,,66.54,1.13,98.5,9570.0
2024-12-15,73016,37.3,38.0,7.1,7.1,,,,,29.0,371,,,,,66.1,0.96,0.0,6134.0
2024-12-16,80212,37.3,38.1,7.1,7.1,112.0,81.0,6680.0,9060.0,27.0,393,,,,,64.13,1.19,131.53,9461.0
2024-12-17,80780,37.3,38.0,7.1,7.1,,,,,26.0,409,,,,,64.69,0.98,129.77,9961.0
2024-12-18,78604,37.2,37.9,7.1,7.1,,,,,27.0,399,,,,,66.09,0.96,132.38,10588.0
2024-12-19,77493,37.2,38.0,7.1,7.1,,,,,26.0,411,,,,,65.4,0.91,129.27,11423.0
2024-12-20,75318,37.1,38.0,7.2,7.1,,,,,27.0,390,4.45,3.47,2.6,1.56,66.75,1.06,128.69,11415.0
2024-12-21,78172,37.2,38.0,7.2,7.1,,,,,30.0,350,,,,,66.27,0.67,74.2,10982.0
2024-12-22,70707,37.3,38.2,7.2,7.1,,,,,33.0,322,,,,,65.5,0.64,0.0,7097.0
2024-12-23,75499,37.4,38.3,7.2,7.1,212.0,94.0,6860.0,5520.0,28.0,376,,,,,64.35,1.03,102.48,9434.0
2024-12-24,75522,37.4,38.4,7.2,7.1,,,,,34.0,315,,,,,65.76,0.79,118.0,9584.0
2024-12-25,80734,37.5,38.5,7.2,7.1,,,,,34.0,314,,,,,64.58,0.75,104.49,9272.0
2024-12-26,75840,37.7,38.7,7.2,7.1,,,,,36.0,296,,,,,64.23,0.67,79.87,8171.0
2024-12-27,80117,37.7,38.8,7.2,7.1,,,,,37.0,290,3.24,2.56,2.64,1.59,62.64,0.75,53.08,7208.0
2024-12-28,71113,37.7,38.8,7.2,7.1,,,,,35.0,303,,,,,62.03,0.68,55.08,7203.0
2024-12-29,72416,37.7,38.8,7.1,7.1,,,,,43.0,247,,,,,61.54,0.51,0.0,5236.0
2024-12-30,71568,37.7,38.9,7.1,7.1,43.0,54.0,6480.0,5520.0,31.0,339,,,,,61.85,0.66,80.93,8072.0
2024-12-31,70717,37.6,38.6,7.2,7.1,,,,,31.0,338,,,,,61.67,0.82,81.51,8679.0
