Date,Time,Specific OLR,pH,ORP,Alkalinity,PA/IA,TS,VS,VSS,COD,sCOD,TC,Protein,TAN,Lipid,TVFA,HAc,HPr,HBu,HVal,BPR,Std CH4(%),Std CO2(%),MY
2022-01-10,2:00:00,5.345045795,7.91,,7.386666667,3.253358925,16.175,8.425,9.9,17.798,1.6458,2.04452,1.6712375,2.299634,1.075,0.2719,0.2719,,,,,,,
2022-01-10,10:00:00,5.24717999,7.96,-176.98,6.968333333,2.768364128,17.55,9.25,9.75,19.902,1.803025,2.04071,,,0.675,0.5971,0.4837,0.1134,,,0.317802845,20.32085561,79.67914439,0.002301524
2022-01-10,16:00:00,5.177353012,8.04,,7.250833333,2.616375727,18.025,9.575,10.2,21.0465,1.836875,2.4901,,,,0.845,0.6702,0.1748,,,0.511008952,25.5704412,74.4295588,0.004935041
2022-01-10,22:00:00,5.109360076,7.72,,7.1375,2.455022186,18.625,10.025,10.1,19.571,2.53505,2.3956,,,,1.1546,0.877,0.23,0.0139,0.0337,0.452722063,55.00547668,44.99452332,0.008063183
2022-01-11,10:00:00,4.523241733,7.61,-280.5,6.509166667,2.352360515,19.225,10.6,9.65,22.146,2.765275,3.0622,5.1474375,2.085714,0.75,1.9386,1.4448,0.34395,0.077,0.0596,0.408011178,33.46138874,66.53861126,0.009741953
2022-01-11,16:00:00,4.474268602,7.51,,6.661666667,2.398809524,18.925,10.375,10.25,21.032,3.26395,,,,,2.05635,1.51115,0.3931,0.09215,0.05995,0.525224603,32.98543986,67.01456014,0.015612579
2022-01-11,22:00:00,4.426344576,7.54,,6.540833333,1.936401048,19.125,10.45,10.1,17.7465,3.45085,,,,,2.7259,2.0269,0.47855,0.1244,0.08325,0.475843209,46.33513681,53.66486319,0.014727846
2022-01-12,10:00:00,4.393238434,7.45,-276.76,6.780833333,1.947120608,18.6,10.325,10.35,18.1695,3.109675,2.0677,3.8772875,2.171282,1.05,3.48845,2.52035,0.60075,0.18335,0.13755,0.507117438,34.67533355,65.32466645,0.019623329
2022-01-12,18:15:00,4.318320944,7.65,,6.541666667,1.722858134,18.05,10.3,9.35,19.644,3.61435,,,,,4.0163,2.8901,0.681,0.21535,0.1692,0.374289462,18.08510638,81.91489362,0.001473471
2022-01-12,22:00:00,4.301393728,7.63,,6.150833333,1.644571838,18.95,10.85,10.05,19.8275,4.065425,,,,,4.3089,3.0884,0.7424,0.23295,0.18275,0.668989547,8.333333333,91.66666667,0.003110571
2022-01-13,10:00:00,4.746734521,7.5,-260.02,6.0775,1.639522258,18.925,10.875,10.4,20.485,4.209575,2.3832,6.6181375,1.914578,1.4,4.78205,3.36075,0.86295,0.28165,0.211,0.300254453,95.307645,4.692355003,0.009867772
2022-01-13,16:00:00,4.691031014,7.33,,6.001666667,1.31501125,19.55,11.25,10.6,20.4375,4.787225,,,,,5.6203,3.996,1.0004,0.3376,0.2055,0.387259011,39.30131004,60.69868996,0.014859553
2022-01-13,22:00:00,4.636619718,7.42,,5.87,1.153469887,19.05,11.025,10.1,22.273,5.097,,,,,5.883,4.1795,1.0766,0.3294,0.2177,0.323115162,29.79214781,70.20785219,0.008989708
2022-01-14,10:00:00,4.520516963,7.35,-241.8,6.2625,1.222057954,19.9,11.375,11.45,22.702,5.501,2.2277,3.2756375,2.075018,1.675,6.0678,4.21,1.1174,0.3538,0.2532,0.336833603,28.05611222,71.94388778,0.010431706
2022-01-14,16:00:00,4.469968051,7.25,,5.4625,1.107039537,19.125,10.975,10.7,24.5045,5.8395,,,,,5.99,4.1628,1.11,0.34,0.2502,0.426517572,38.22237129,61.77762871,0.015266957
2022-01-14,22:00:00,4.420537125,7.22,,6.020833333,1.060752995,19.15,10.9,10.25,24.119,9.27975,,,,,6.261,4.3452,1.1764,0.3518,0.2538,0.3507109,34.75535536,65.24464464,0.013090558
2022-01-15,10:00:00,4.376647399,7.15,-237.3,6.045833333,0.951842884,16.55,10.8,10.1,24.2025,7.4685,3.7698,4.2783875,1.978754,1.925,7.6644,5.295,1.4594,0.4358,0.322,0.372254335,64.25620465,35.74379535,0.024070474
2022-01-15,16:00:00,4.329102344,7.13,,6.1025,0.810383189,18.95,11.05,10.5,24.5255,6.9635,,,,,7.7848,5.3482,1.4774,0.4866,0.3222,0.466552316,32.08955224,67.91044776,0.023170796
2022-01-15,22:00:00,4.282579186,7.2,,5.956666667,0.857105742,18.125,10.05,10.85,21.0155,7.328,,,,,7.944,5.4698,1.5056,0.4828,0.3362,0.357466063,43.08034175,56.91965825,0.019114586
2022-01-16,10:00:00,4.242268041,7.14,-271.8,5.9725,0.845737832,19.2,10.95,11.4,24.2195,8.29975,3.0469,3.60989375,1.871794,1.975,8.1784,5.6098,1.556,0.5284,0.3374,0.366715758,32.72251309,67.27748691,0.021610831
2022-01-16,16:00:00,4.197449909,7,,5.7225,0.743335872,18.675,10.675,11.6,24.5455,7.69875,,,,,8.306,5.7494,1.5702,0.5066,0.3396,0.393442623,31.99498118,68.00501882,0.0239021
2022-01-16,22:00:00,4.153568854,7.01,,5.5275,0.715726849,17.525,9.95,11.2,24.5215,7.167,,,,,8.1586,5.6546,1.5402,0.4936,0.3416,0.276856525,74.40670171,25.59329829,0.018330151
2022-01-17,10:00:00,3.105396825,7.15,-236.5,5.225,0.701030928,19.175,10.9,11.95,27.958,9.2225,3.6481,6.2838875,1.893186,1.825,8.4694,5.8088,1.6128,0.5674,0.3532,0.351322751,36.05263158,63.94736842,0.030998432
2022-01-17,16:00:00,3.075563319,6.92,,5.656666667,0.597176471,20.25,11.725,11.75,27.5885,9.86375,,,,,9.1494,6.2518,1.7544,0.627,0.3878,0.444366812,35.36737235,64.63262765,0.04103319
2022-01-17,22:00:00,3.046297578,6.7,,5.2825,0.531899468,18.375,10.375,11.6,26.988,10.3305,,,,,9.429,6.467,1.8042,0.638,0.3948,0.33633218,74.3139404,25.6860596,0.031686772
2022-01-18,10:00:00,1.66442999,6.86,-158.4,5.43,0.568231047,18.8,10.15,11.15,24.95,8.182,3.3554,4.54580625,2.032234,1.775,9.5508,6.4844,1.8376,0.6712,0.4316,0.184868196,36.2924282,63.7075718,0.030877453
2022-01-18,16:00:00,1.657337651,6.93,,5.759166667,0.571396089,19.575,10.85,11.65,24.808,8.78475,,,,,10.6676,7.183,2.0474,0.7428,0.5702,0.458155787,46.41767805,53.58232195,0.08376157
2022-01-18,22:00:00,1.650305499,6.82,,5.755,0.539799331,19.625,11.5,11.95,24.4265,9.04875,,,,,10.6004,7.1162,2.0022,0.7682,0.5888,0.403258656,37.48502994,62.51497006,0.076482784
2022-01-19,10:00:00,2.778058931,6.79,-258.3,5.253333333,0.530097087,18.8,11.125,13.1,28.097,8.9315,3.1841,3.37680625,2.096322,2.175,10.937,7.3652,2.0474,0.8048,0.5952,0.431496587,37.47203579,62.52796421,0.052033222
2022-01-19,16:00:00,2.754444169,6.78,,5.478333333,0.511959522,17.125,10.125,10.75,26.1035,8.7655,,,,,10.94,7.387,2.0348,0.8062,0.5944,0.380292152,39.64816551,60.35183449,0.046942077
2022-01-19,22:00:00,2.731227496,6.69,,5.3625,0.491655076,15.875,9.275,9.35,23.0915,9.2155,,,,,9.4156,5.6842,2.1142,0.8682,0.6304,0.404582651,57.52606976,42.47393024,0.052142523
2022-01-20,10:00:00,2.743655638,6.76,-204.6,5.6925,0.468400688,15.55,9.125,8.8,20.995,9.6645,2.5268,-13.304625,2.12874,1.55,11.9458,7.886,2.2542,0.999,0.6886,0.427883071,59.01302358,40.98697642,0.067995785
2022-01-20,16:00:00,2.720496894,6.97,,5.085,0.559018906,14.225,8.075,7.55,21.8565,8.87675,,,,,11.3298,7.4528,2.1362,0.9826,0.6412,0.489249881,42.38636364,57.61363636,0.067079733
2022-01-20,22:00:00,2.697725837,6.97,,5.509166667,0.555163491,13.85,7.85,8.15,20.1485,9.687,,,,,11.7266,7.5788,2.2564,1.0964,0.6778,0.519267214,50.14344959,49.85655041,0.07776326
2022-01-21,10:00:00,2.688282703,7.04,-235.5,5.5575,0.475116125,15.375,8.75,9.25,20.8645,9.64525,1.7478,2.90405,1.826178,1.425,11.761,7.4458,2.3072,1.1882,0.6958,0.582145071,51.27007124,48.72992876,0.097447073
2022-01-21,16:00:00,2.665969874,7.12,,5.521666667,0.483986562,14.775,8.575,8.4,21.559,9.20925,,,,,11.4484,7.0828,2.2934,1.2492,0.6994,0.730402705,56.8902762,43.1097238,0.12630137
2022-01-21,22:00:00,2.64402439,7.11,,5.508333333,0.600096829,14.425,8.325,8.25,19.6325,8.783,,,,,10.6324,6.4226,2.1836,1.2288,0.6756,0.797560976,55.74011947,44.25988053,0.145695309
2022-01-22,10:00:00,2.364727055,7.3,-222.4,5.339166667,0.604156234,14.775,8.4,8.3,20.826,8.936,2.6471,,1.707314,1.425,10.628,6.0094,2.3716,1.3566,0.7552,1.00779844,50.58949625,49.41050375,0.201156773
2022-01-22,16:00:00,2.347826087,7.39,,5.696666667,0.603189493,13.575,7.65,8.25,19.5445,8.91475,,,,,10.2774,5.532,2.4194,1.3914,0.7922,1.072066706,63.48391064,36.51608936,0.216894977
2022-01-22,22:00:00,2.331164991,7.48,,6.011666667,0.630650995,13.025,7.325,7.5,19.677,8.54275,,,,,9.5946,4.957,2.3734,1.3648,0.7574,1.167356594,70.32164491,29.67835509,0.300957382
2022-01-23,10:00:00,2.519581639,7.58,-229.4,5.908333333,0.854079498,12.15,6.45,6.45,16.3085,7.5625,0.9872,2.093625,2.042293,1,8.118,3.7396,2.3372,1.1038,0.7872,1.211504939,68.28183824,31.71816176,0.311581569
2022-01-23,16:00:00,2.499971173,7.6,,5.800833333,1.112594841,14.575,8.3,8.7,17.996,7.10825,,,,,7.6384,3.1562,2.3178,1.2338,0.7856,1.224560392,70.54838622,29.45161378,0.311041926
2022-01-23,22:00:00,2.480663616,7.68,,5.738333333,1.229200388,13.975,8,7.75,19.29,6.45525,,,,,6.6936,2.5158,2.1738,1.1112,0.7472,1.105263158,68.85755646,31.14244354,0.264211983
2022-01-24,10:00:00,2.22084507,7.86,-193.9,5.565833333,1.349278931,12.975,7.225,7.45,16.196,6.34425,2.2922,,,1.1,5.302,1.2576,2.2068,0.941,0.7426,1.118873239,72.3998505,27.6001495,0.34561035
2022-01-24,16:00:00,2.205931729,7.7,,5.484166667,1.190016639,12.7,7.25,6.65,17.629,5.9285,,,,,5.5572,1.6304,2.1936,0.824,0.7552,1.064353665,69.48408342,30.51591658,0.305420091
2022-01-24,22:00:00,2.191217343,7.68,,6.020833333,1.308306709,12.45,7.05,6.7,15.885,6.1075,,,,,5.753,1.613,2.3764,0.7504,0.855,1.127292941,70.72344442,29.27655558,0.331826484
2022-01-25,10:00:00,2.22955665,7.61,-236.9,5.508333333,1.364091559,14.4,8.25,7.6,17.8225,5.6805,2.3946,2.76898125,1.988264,1.2,5.0148,1.2132,2.3539,0.53505,0.8748,1.052545156,69.34950386,30.65049614,0.296942849
2022-01-25,16:00:00,2.214406089,7.47,,5.536666667,1.273007184,12.55,6.85,7.05,13.169,5.13925,,,,,4.56645,1.0595,2.28865,0.43815,0.78015,1.095949986,70.50951305,29.49048695,0.315757844
2022-01-25,22:00:00,2.199460043,7.46,,6.1425,1.456181273,12.675,6.85,7.05,15.0615,5.77125,,,,,4.7862,1.0049,2.57605,0.4447,0.76055,1.069114471,69.43589744,30.56410256,0.329076447
2022-01-26,10:00:00,1.502686885,7.44,-269.8,6.126666667,1.42640264,13.45,7.5,8.7,19.4245,5.41325,1.4971,,,1.55,4.64845,0.8632,2.6058,0.43955,0.7399,0.917797287,68.45771144,31.54228856,0.420210318
2022-01-26,16:00:00,1.492956257,7.53,,5.836666667,1.467065868,13.2,7.4,7.3,17.0225,5.38325,,,,,4.2106,0.6477,2.44195,0.4188,0.70215,0.859521607,67.75178026,32.24821974,0.383428106
2022-01-26,22:00:00,1.48335084,7.4,,5.885833333,1.629560685,13.175,7.35,7.55,17.8005,5.024925,,,,,4.20655,0.57975,2.4858,0.42965,0.71135,0.894957983,66.66666667,33.33333333,0.369241228
2022-01-27,10:00:00,1.509391979,7.53,-134.6,5.656666667,1.649492584,14.575,8.15,8.1,15.392,4.497525,2.6537,,,1.475,4.2876,0.56125,2.55575,0.4324,0.7382,0.816558862,65.969163,34.030837,0.32405019
2022-01-27,16:00:00,1.499498779,7.44,,6.033333333,1.44842746,15.475,8.8,8.9,16.5905,4.784425,,,,,4.34105,0.57445,2.5979,0.42965,0.73905,0.89448657,64.15929204,35.84070796,0.34598375
2022-01-27,22:00:00,1.489734423,7.37,,6.104166667,1.509421035,17.25,10.025,10.25,19.696,4.677675,,,,,4.2752,0.58465,2.56695,0.4113,0.7123,0.922369765,69.7794784,30.2205216,0.367156228
2022-01-28,10:00:00,,7.38,-304.4,5.526666667,1.557655226,18.05,10.45,10.45,19.592,4.852375,2.5109,1.3507125,2.096324,2.125,3.60955,0.4973,2.16715,0.35925,0.58585,,66.80203046,33.19796954,
2022-01-28,16:00:00,,7.43,,5.8175,1.608744395,13.925,7.85,7.45,15.58,4.9132,,,,,3.5504,0.4959,2.1563,0.32835,0.56985,0.891,67.78444085,32.21555915,
2022-01-29,16:00:00,1.45845,7.44,-269.2,5.718333333,1.382638889,15.45,8.6,9.4,18.689,5.1025,2.6628,2.296225,1.912624,1.725,3.5429,0.7033,2.11225,0.1808,0.54655,0.8925,67.60399682,32.39600318,0.332289417
2022-01-30,17:00:00,1.511232,7.56,-149.4,5.715,1.712816456,17.8,10.175,10.85,18.867,4.841125,3.3478,11.14346875,1.912624,1.3,3.27765,0.8202,1.92315,0.0696,0.4647,0.9324,68.84875709,31.15124291,0.419669832
2022-01-31,17:00:00,1.45845,7.54,-260.5,6.154166667,1.458388815,18.05,10.375,10.4,19.3415,4.699375,3.3834,4.7950625,1.728926,1.25,2.8049,1.0091,1.6322,0.05285,0.11075,0.975,66.1971831,33.8028169,0.414748534
2022-02-01,17:00:00,1.423725,7.58,-260.2,5.660833333,1.838696197,17.725,9.925,10.15,17.5945,5.0673,3.5123,6.82115,1.761343,1.1,2.18635,0.82795,1.27615,0.0412,0.04105,0.96675,67.89313749,32.10686251,0.399540431
2022-02-02,17:00:00,1.50475,7.52,-261,5.42,1.738526316,18.025,10.125,10.5,18.527,3.450825,3.5563,2.92445625,2.377273,1.15,1.7692,0.8041,0.8977,0.03125,0.03615,0.948,66.9666249,33.0333751,0.37037993
2022-02-03,17:00:00,1.3365,7.52,-315.2,5.675833333,2.162024141,17.45,9.7,9.4,17.347,3.0543,3.4034,2.4313,1.977459,1.2,1.5089,0.8353,0.6112,0.0295,0.0329,0.75525,63.25651115,36.74348885,0.190776207
2022-02-04,10:00:00,1.43775,7.7,-280.1,5.758333333,1.834290402,15.7,8.2,8.6,11.63215,2.67455,3.1135,2.2962375,1.66409,0.8,0.816,0.58945,0.22655,,,0.704117647,71.11274175,28.88725825,0.296877842
2022-02-04,22:00:00,1.43775,7.75,,5.8525,1.858363858,14.925,8.125,8.8,14.7295,2.07445,,,,,0.52965,0.4683,0.06135,,,0.627,67.61565836,32.38434164,0.2485759
2022-02-05,10:00:00,1.215,7.65,-269.2,6.015833333,2.023031826,15.725,8.5,8.8,13.645,2.46005,3.3225,,,,0.33915,0.303,0.03615,,,0.995,73.48755383,26.51244617,0.428359671
2022-02-05,22:00:00,1.215,7.53,,5.793333333,1.729485669,14.75,7.775,8.7,15.6895,2.3589,,,,,0.2786,0.2786,,,,0.9365,68.86981721,31.13018279,0.349126214
2022-02-06,10:00:00,1.39725,7.58,-283.4,5.881666667,1.831127156,16.675,9.025,8.85,13.9765,2.463775,2.4687,,,,0.26205,0.26205,,,,0.8975,67.5556918,32.4443082,0.30636053
2022-02-06,22:00:00,1.39725,7.58,,4.664166667,2.165723982,16.2,8.7,8.75,14.386,2.297625,,,,,0.23445,0.23445,,,,0.8825,66.13723787,33.86276213,0.24127572
2022-02-07,10:00:00,1.215,7.64,-268.4,4.6,2.168771527,16.25,8.925,8.85,13.7585,1.772525,3.1989,,,1.125,0.2144,0.2144,,,,0.851,66.00861073,33.99138927,0.310937119
2022-02-07,22:00:00,1.215,7.49,,6.319166667,1.634815844,15.975,8.8,8.55,14.583,1.82985,,,,,0.2695,0.2695,,,,0.893,64.89726027,35.10273973,0.300860494
2022-02-08,10:00:00,1.35675,7.6,-292,6.2775,1.671276596,17.6,9.8,10.2,16.2355,1.7138,3.2675,,,,0.22155,0.22155,,,,0.875,68.19630386,31.80369614,0.277224986
2022-02-08,22:00:00,1.35675,7.4,,5.583333333,2.687396808,15.7,8.575,8.35,14.872,1.871275,,,,,0.2724,0.2724,,,,0.8825,68.75997689,31.24002311,0.268570665
2022-02-09,10:00:00,1.23525,7.52,-305.5,5.505,1.597719229,15.625,8.6,8.65,15.5575,1.53845,2.4609,,,,0.20815,0.20815,,,,0.869,66.46795827,33.53204173,0.290545396
2022-02-09,22:00:00,1.23525,7.55,,5.905833333,1.929723026,17.15,9.525,9.25,15.72,1.841275,,,,,0.23115,0.23115,,,,0.9935,66.34955482,33.65044518,0.327434932
2022-02-10,10:00:00,1.46575,7.56,-263.5,5.706666667,1.839137645,16.65,9.25,9.8,15.7265,1.6826,2.9278,,,2,0.2202,0.2202,,,,0.7275,64.73209185,35.26790815,0.281222241
2022-02-10,22:00:00,1.46575,7.51,,5.865833333,1.811102236,16.725,9.2,9.4,15.184,1.9726,,,,,0.2357,0.2357,,,,0.753,65.79416384,34.20583616,0.256299983
2022-02-11,10:00:00,1.3981,7.52,-279.3,5.685,1.69112426,17.35,9.375,9.9,14.408,1.764075,3.3325,,,,0.21155,0.21155,,,,0.7305,63.80283457,36.19716543,0.265793112
2022-02-11,22:00:00,1.3981,7.41,,5.710833333,1.622655951,19.35,9.225,9.75,12.0935,1.610725,,,,,0.2046,0.2046,,,,0.7305,62.57905833,37.42094167,0.279168979
2022-02-12,10:00:00,1.4883,7.5,-279.2,5.7225,1.808588957,27.55,8.225,10.05,12.9485,1.801975,2.4197,2.90405,1.610062,1.375,0.19624,0.18224,0.01102,,,0.525,66.52041043,33.47958957,0.206077404
2022-02-12,22:00:00,1.4883,7.44,,5.8925,1.573144105,17.475,9.075,10,14.1895,1.662175,,,,,0.15483,0.14866,,,,0.675,64.47415543,35.52584457,0.244955654
2022-02-13,10:00:00,1.3981,7.53,-289,5.721666667,1.812781647,16.95,9.25,9.65,14.938,1.943475,2.8767,,,,0.15513,0.15169,0.00344,,,0.6765,65.59093179,34.40906821,0.281854839
2022-02-13,22:00:00,1.3981,7.42,,5.795833333,2.031822145,15.975,8.725,9.3,14.158,2.0096,,,,,0.16381,0.14879,0.00694,,,0.7245,63.79220779,36.20779221,0.318176811
2022-02-14,10:00:00,1.4883,7.57,-272,5.336666667,2.078846154,16.025,8.775,9.45,14.8965,1.609775,2.5346,,,,0.16516,0.15649,0.00867,,,0.7515,64.17307661,35.82692339,0.318111268
2022-02-14,22:00:00,1.4883,7.49,,5.684166667,1.648932039,16.375,8.875,9.3,15.019,1.74955,,,,,0.17444,0.16525,0.00919,,,0.6975,62.4386252,37.5613748,0.250308909
2022-02-15,10:00:00,1.454475,7.55,-301.4,6.214166667,1.720539949,15.925,8.625,8.75,14.607,1.925,3.3117,,,1,0.15086,0.1435,0.00736,,,0.6885,66.08727956,33.91272044,0.291641211
2022-02-15,22:00:00,1.454475,7.55,,6.143333333,1.833205227,15.875,8.65,8.85,15.167,1.881375,,,,,0.14968,0.14328,,,,0.7845,65.31182089,34.68817911,0.327451452
2022-02-16,10:00:00,1.5334,7.55,-255.5,5.746666667,1.820449898,15.975,8.6,8.75,13.9235,1.494225,2.5681,,,,0.1527,0.13898,0.01372,,,0.7155,64.12637421,35.87362579,0.280339377
2022-02-16,22:00:00,1.5334,7.46,,5.574166667,1.810504202,16.45,9.025,9.1,13.7285,1.72,,,,,0.15927,0.13462,0.0166,,,0.708,65.45718619,34.54281381,0.294715273
2022-02-17,10:00:00,1.1275,7.5,-292.9,5.47,1.952766532,16.175,8.8,8.95,12.5285,1.426975,3.1383,,,,0.09273,0.08041,0.00882,,,0.5745,61.82801758,38.17198242,0.279530554
2022-02-17,22:00:00,1.1275,7.47,,5.7175,1.550557621,15.5,8.375,9.1,7.0242,1.8043,,,,,0.20071,0.16853,0.02864,,,0.6045,67.00312585,32.99687415,0.298631042
2022-02-18,10:00:00,1.3981,7.5,-278.7,5.208333333,1.510040161,16.725,9.05,9.55,12.213,1.715775,2.382,,,1.175,0.01848,0.01188,,,0.00336,0.681,64.20631392,35.79368608,0.281342965
2022-02-18,22:00:00,1.3981,7.42,,5.949166667,1.690915944,16,8.6,8.6,13.1495,1.70715,,,,,0.01909,0.01159,,,0.00376,0.717,62.51563744,37.48436256,0.281907517
2022-02-19,10:00:00,1.278,7.63,-300.7,5.903333333,1.622732321,16.475,8.775,9.15,14.258,1.734475,2.563,,,,0.01699,0.0132,,,,0.6705,65.313342,34.686658,0.323445423
2022-02-19,22:00:00,1.278,7.5,,6.030833333,1.556340516,15.05,8.1,9.1,12.7425,1.84485,,,,,0.0218,0.01416,,,0.00361,0.7965,63.5156497,36.4843503,0.375626408
2022-02-20,10:00:00,1.2993,7.39,-307.9,5.513333333,1.851724138,16.65,8.8,8.8,15.095,1.71665,2.2833,,,,0.02075,0.01484,,,0.00171,0.573,64.30772816,35.69227184,0.26738236
2022-02-20,22:00:00,1.2993,7.5,,5.7775,1.575408618,14.85,7.9,8.35,13.7445,2.047,,,,,0.02326,0.0152,,,0.00374,0.5985,62.41143725,37.58856275,0.227230085
2022-02-21,10:00:00,1.2354,7.61,-300.3,5.925833333,2.425337187,15.375,8.4,8.95,12.582,1.4739,2.9283,0.47275625,1.642479,1.125,0.02785,0.01587,,,0.00385,0.4935,61.73249253,38.26750747,0.222901894
2022-02-21,22:00:00,1.2354,7.54,,5.765833333,1.827543931,15.475,8.55,8.75,13.576,1.563625,,,,,0.02365,0.0163,,,0.00332,0.6315,67.29344168,32.70655832,0.309973774
2022-02-22,10:00:00,1.3845,7.67,-295.7,5.713333333,1.587169811,14.05,7.675,8.35,14.4995,1.5293,2.2977,,,,0.02084,0.01525,,,0.00171,0.5205,65.00796411,34.99203589,0.223200325
2022-02-22,22:00:00,1.3845,7.49,,5.650833333,1.74868261,16.275,8.95,8.9,13.7615,1.40155,,,,,0.02308,0.01544,,,0.00371,0.579,62.03196081,37.96803919,0.222399567
2022-02-23,10:00:00,1.278,7.61,-285.2,5.765833333,2.259067358,14.85,8,8.55,13.8805,1.583725,2.878,,,,0.02126,0.01584,,,,0.549,63.18269635,36.81730365,0.243699296
2022-02-23,22:00:00,1.278,7.48,,6.019166667,2.220240749,14.825,8,8.2,9.20205,1.9176,,,,,0.02121,0.01518,,,0.00184,0.5805,65.37207735,34.62792265,0.264313732
2022-02-24,10:00:00,1.3845,7.58,-275.2,5.931666667,1.95966736,14.975,7.925,7.65,12.8545,1.785975,1.8787,,,1.125,0.02146,0.01523,,,0.00189,0.543,64.72260602,35.27739398,0.226416685
2022-02-24,22:00:00,1.3845,7.51,,5.600833333,1.735449735,16.35,8.75,8.9,14.0135,1.633275,,,,,0.01987,0.01554,,,,0.5895,63.34471822,36.65528178,0.221110401
2022-02-25,10:00:00,1.3419,7.56,-256.8,5.789166667,3.195048309,16.9,9.1,8.8,13.896,1.2374,2.2144,,,,0.0215,0.0156,,,,0.5505,64.31383711,35.68616289,0.218575453
2022-02-25,22:00:00,1.3419,7.42,,5.914166667,3.135780886,16.2,8.8,9,13.1785,1.1101,,,,,0.02292,0.01644,,,0.00193,0.615,63.17191044,36.82808956,0.293544601
2022-02-26,10:00:00,1.5015,7.57,-297.3,5.584166667,2.045909091,16.25,8.775,9.65,9.8747,1.068075,2.3495,,,,0.1337,0.10838,0.01732,,0.00321,0.564,62.36429433,37.63570567,0.233037363
2022-02-26,22:00:00,1.5015,7.47,,5.469166667,2.170531401,16.15,8.725,8.95,15.3705,1.0079,,,,,0.03611,0.01909,0.0064,,0.00385,0.5895,61.92178529,38.07821471,0.224414386
2022-02-27,10:00:00,1.456,7.53,-275.2,5.519166667,3.038414634,16.675,8.825,9.6,15.2855,1.124275,3.0387,1.95855,1.599256,1.325,0.11019,0.08633,0.01376,,0.00362,0.567,61.68451264,38.31548736,0.217609615
2022-02-27,22:00:00,1.456,7.42,,6.220833333,3.352769679,17,9.25,9.7,16.0245,1.26205,,,,,0.0274,0.01795,,,0.00183,0.6975,67.66358458,32.33641542,0.299695055
2022-02-28,10:00:00,1.61525,7.39,-279.4,5.563333333,4.107880643,17.475,9.45,9,15.6115,1.06745,2.3237,,,,0.02028,0.01596,,,,0.5625,66.20269499,33.79730501,0.220020121
2022-02-28,22:00:00,1.61525,7.42,,5.655,2.772095609,16.325,8.675,9.05,16.079,1.2801,,,,,0.0235,0.01547,,,0.00362,0.6735,64.20088225,35.79911775,0.23666838
2022-03-01,10:00:00,1.456,7.47,-289.8,5.935,3.269784173,14.35,7.45,7.9,13.7755,1.3294,2.8931,,,,0.02078,0.01618,,,,0.606,66.90003095,33.09996905,0.253013324
2022-03-01,22:00:00,1.456,7.41,,6.0925,3.880507343,16.05,8.6,8.75,14.423,1.326125,,,,,0.02778,0.01667,0.00502,,,0.681,63.69499636,36.30500364,0.286384821
2022-03-02,10:00:00,1.547,7.32,-313.29,5.773333333,3.321896444,16.525,8.75,8.5,9.6101,1.2459,2.4202,,,1.125,0.09319,0.07125,0.0161,,0.00165,0.636,64.65678706,35.34321294,0.25933342
2022-03-02,22:00:00,1.547,7.35,,5.660833333,2.773888889,16.55,8.8,8.65,9.97735,1.49585,,,,,0.0788,0.06218,0.0112,,0.00162,0.54,61.95799812,38.04200188,0.206994182
2022-03-03,10:00:00,1.5015,7.44,-272.4,5.164166667,1.973608445,16.45,8.925,8.8,10.5105,1.403425,2.4128,,,,0.07242,0.05798,0.01012,,,0.5925,63.29514585,36.70485415,0.24871978
2022-03-03,22:00:00,1.5015,7.42,,5.7025,1.844139651,16.225,8.975,9.1,8.2699,1.194375,,,,,0.0985,0.08035,0.01073,,0.00163,0.5805,64.35087714,35.64912286,0.246118082
2022-03-04,10:00:00,1.47875,7.46,-293.8,5.3925,3.137468031,18.075,10.475,10.6,18.0235,1.166575,2.218,,,,0.11404,0.08823,0.01354,,0.00339,0.6855,63.94294296,36.05705704,0.286252747
2022-03-04,22:00:00,1.47875,7.36,,5.554166667,2.606601732,16.4,9.125,9.2,14.9165,1.314125,,,,,0.11956,0.09672,0.01512,,0.00164,0.6375,62.9165709,37.0834291,0.236031276
2022-03-05,10:00:00,1.547,7.35,-289.7,5.555,2.925795053,15.7,8.6,9,13.844,1.2812,3.0361,,,1.25,0.10417,0.0883,0.01212,,,0.7725,63.83933346,36.16066654,0.30275808
2022-03-05,22:00:00,1.547,7.49,,5.849166667,3.392365457,15.525,8.425,9,12.548,1.57005,,,,,0.11424,0.0956,0.01076,,0.00149,0.7065,67.21408669,32.78591331,0.223869619
2022-03-06,10:00:00,1.547,7.6,-289,5.2025,2.774486094,15.775,8.55,8.75,9.90335,1.20245,1.5863,,,,0.10351,0.08396,0.01274,,,0.75,65.17964472,34.82035528,0.236586942
2022-03-06,22:00:00,1.547,7.51,,5.845833333,2.26734979,16.525,8.9,9.2,13.1465,1.132325,,,,,0.08888,0.0746,0.00895,,0.00183,0.7635,65.04607563,34.95392437,0.303080381
2022-03-07,10:00:00,1.490125,7.47,-292.7,6.039166667,2.087771623,15.475,8.3,8.55,12.856,1.0974,2.1533,,,,0.09652,0.07998,0.00972,,0.0024,0.786,66.47291941,33.52708059,0.319595604
2022-03-07,22:00:00,1.490125,7.42,,5.7475,4.023306628,16.475,8.95,9.05,11.036,0.985575,,,,,0.11209,0.08955,0.01112,,0.00181,0.7095,63.2596401,36.7403599,0.292917977
2022-03-08,10:00:00,1.52425,7.64,-272.7,5.275833333,2.546778711,14.85,8.05,8.15,10.19055,0.937425,1.7876,-8.644625,1.38314,1.025,0.09531,0.07843,0.00842,,0.00168,0.7785,63.70037377,36.29962623,0.327335181
2022-03-08,22:00:00,1.52425,7.55,,5.385,1.810787299,15.5,8.45,9.05,11.121,1.0118,,,,,0.11195,0.08624,0.00864,,,0.744,63.55479286,36.44520714,0.268948007
2022-03-09,10:00:00,1.47875,7.55,-273.4,6.225,2.477653631,16.15,8.75,8.8,14.254,1.757875,3.0322,,,,0.22134,0.18891,0.02114,,0.00241,0.7515,66.39167407,33.60832593,0.29013109
2022-03-09,22:00:00,1.47875,7.49,,5.9775,4.401355422,16.6125,9.025,9.05,14.809,1.07745,,,,,0.0881,0.07003,0.00945,,,0.717,66.48262616,33.51737384,0.320595368
2022-03-10,17:30:00,2.337,7.38,-275.7,5.115833333,2.976036269,16.425,8.825,8.9,25.107,1.00125,2.3949,,,,,,,,,0.7146,65.73150685,34.26849315,0.183404827
2022-03-11,11:20:00,2.544733333,7.32,-292.5,5.668333333,2.091818182,16.975,9.25,9.7,24.3725,0.8305,2.5497,,,,0.00705,0.00705,,,,0.707,64.24484508,35.75515492,0.16533587
2022-03-12,11:00:00,3.190513043,7.56,-296.6,5.271666667,2.054563013,17.375,9.525,9.9,25.678,1.06925,1.9828,,,,,,,,,0.899217391,64.76832874,35.23167126,0.179279061
2022-03-13,11:00:00,2.53175,7.5,-292.8,5.6775,3.200369914,16.8,9.3,9.9,23.8125,1.3072,3.454,,,,0.00747,0.00747,,,,0.75,64.39152859,35.60847141,0.173832329
2022-03-14,12:00:00,2.580048,7.54,-297.7,5.5825,2.876736111,17.375,9.775,10.15,13.654,1.29615,3.466,,,,,,,,,0.84528,63.47385824,36.52614176,0.201258079
2022-03-15,11:00:00,2.418286957,7.66,-290.5,4.930833333,2.015800204,17.55,9.825,10.75,14.908,1.333625,2.6985,,,,0.0078,0.0078,,,,0.755217391,65.11305775,34.88694225,0.16904494
2022-03-16,11:00:00,2.337,7.6,-298.5,4.955833333,2.759165613,,,,17.3845,1.3194,,,,,,,,,,0.8085,65.21211974,34.78788026,0.217156804
2022-03-17,11:00:00,2.6486,7.51,-257.2,5.346666667,3.07106599,,,,16.5805,1.5145,3.312,,,,0.00792,0.00792,,,,1.33275,62.61672096,37.38327904,0.290189883
2022-03-18,11:00:00,2.7265,7.59,-261.5,5.139166667,1.828899083,,,,11.8895,0.95155,,,,,,,,,,0.8025,65.57990827,34.42009173,0.182251238
2022-03-19,11:20:00,2.43048,7.44,-309.6,5.100833333,2.102382159,,,,17.743,0.93235,,,,,0.00784,0.00784,,,,0.78264,64.13620141,35.86379859,0.21410476
2022-03-20,11:00:00,2.8044,7.53,-283.9,5.095833333,2.81710362,,,,14.651,0.983075,,,,,,,,,,0.873391304,67.75219437,32.24780563,0.186737065
2022-03-21,11:00:00,2.4149,7.37,-301.8,5.056666667,2.04160401,20.5,11.625,10.9,16.608,0.63045,2.5624,9.729025,1.242667,0.975,0.00791,0.00791,,,,0.7875,63.55049909,36.44950091,0.193084082
2022-03-22,11:00:00,2.590175,7.69,-303.3,4.966666667,2.618700668,,,,13.8895,0.809375,,,,,,,,,,0.8655,,,
2022-03-23,11:00:00,1.9475,,,,,,,,,,,,,,,,,,,0.72075,,,
2022-03-24,11:00:00,2.106,7.73,-282.8,5.233333333,2.512304251,,,,21.168,0.6517,3.7048,,,,0.05011,0.04097,0.00914,,,0.8715,,,
2022-03-25,11:00:00,1.9602,,,,,,,,,,,,,,,,,,,0.8505,,,
2022-03-26,11:00:00,2.025,,,,,,,,,,,,,,,,,,,0.9795,,,
2022-03-27,11:00:00,1.8144,,,,,,,,,,,,,,,,,,,0.882,,,
2022-03-28,11:00:00,2.3652,7.52,-305.8,5.096666667,2.726995734,20.8,11.925,12.3,22.0705,0.887325,2.93,,,,0.09965,0.07583,0.02382,,,0.96825,65.16332774,34.83667226,0.270309266
2022-03-29,11:00:00,2.1708,,,,,,,,,,,,,,,,,,,0.9075,,,
2022-03-30,13:00:00,2.153353846,,,,,,,,,,,,,,,,,,,1.017,,,
2022-03-31,13:00:00,2.2194,7.48,,,,,,,20.059,1.023075,,,,,0.00536,0.00536,,,,1.0095,61.39808228,38.60191772,0.270864761
2022-04-01,15:00:00,2.003815385,,,,,,,,,,,,,,,,,,,0.918,,,
2022-04-02,16:00:00,1.928448,,,,,,,,,,,,,,,,,,,0.98424,,,
2022-04-03,13:20:00,2.3328,,,,,,,,,,,,,,,,,,,1.090636364,,,
2022-04-04,14:00:00,2.1384,7.4,-288.8,5.683333333,3.480946124,18.35,10.275,11.25,18.889,1.004,3.8792,,,,0.01089,0.01089,,,,1.01925,63.2109589,36.7890411,0.274926768
2022-04-05,13:10:00,2.0088,,,,,,,,,,,,,,,,,,,0.951,,,
2022-04-06,15:00:00,2.516976,,,,,,,,,,,,,,,,,,,0.9036,,,
2022-04-07,17:00:00,2.294446154,7.83,,,,,,,17.824,1.01555,3.4314,,,,0.01137,0.01137,,,,0.909,,,
2022-04-08,17:00:00,2.5197,,,,,,,,,,,,,,,,,,,0.86775,,,
2022-04-09,13:20:00,2.334857143,,,,,,,,,,,,,,,,,,,0.895714286,,,
2022-04-10,13:00:00,2.4516,,,,,,,,,,,,,,,,,,,0.928956522,,,
2022-04-11,12:20:00,2.366475,7.54,-303,5.054166667,2.757744734,19.225,10.975,12.3,19.6935,0.88795,3.1668,11.78163125,1.210248,0.8,0.0118,0.0118,,,,0.93375,64.26380368,35.73619632,0.24798989
2022-04-12,13:30:00,2.386224,,,,,,,,,,,,,,,,,,,0.94968,,,
2022-04-13,14:00:00,2.2473,,,,,,,,,,,,,,,,,,,0.91875,,,
2022-04-14,13:00:00,2.273947826,7.4,,,,,,,26.397,1.6333,,,,,0.01486,0.01486,,,,0.934434783,,,
2022-04-15,14:30:00,1.995853846,,,,,,,,,,,,,,,,,,,0.783692308,,,
2022-04-16,15:00:00,2.14515,,,,,,,,,,,,,,,,,,,0.82875,,,
2022-04-17,13:00:00,2.265872727,,,,,,,,,,,,,,,,,,,0.785454545,,,
2022-04-18,18:40:00,1.7025,,,,,,,,,,,,,,,,,,,0.6306,,,
2022-04-19,14:25:00,1.06236,7.46,-308,5.435,2.868327402,19.85,8.275,10.1,27.2925,1.0954,2.4303,,,,0.01841,0.01841,,,,0.5436,67.95467422,32.04532578,0.306861064
2022-04-20,13:50:00,1.847582609,,,,,,,,,,,,,,,,,,,0.675391304,,,
2022-04-21,14:05:00,2.190096,7.25,,,,,,,28.883,1.438025,,,,,0.04116,0.04116,,,,0.7704,66.70888748,33.29111252,0.222315734
2022-04-22,14:30:00,2.18075,,,,,,,,,,,,,,,,,,,0.84675,,,
2022-04-23,15:00:00,2.38205,,,,,,,,,,,,,,,,,,,0.80475,,,
2022-04-24,15:00:00,2.4156,,,,,,,,,,,,,,,,,,,0.6825,,,
2022-04-25,13:00:00,2.4156,7.55,-310.8,5.645,3.255025126,17.75,10.2,10.55,28.693,1.15925,3.9692,,,,0.09412,0.0832,0.01092,,,0.677454545,64.26185705,35.73814295,0.161875627
2022-04-26,13:30:00,2.270664,,,,,,,,,,,,,,,,,,,0.85968,,,
2022-04-27,13:00:00,3.115773913,,,,,,,,,,,,,,,,,,,1.252173913,,,
2022-04-28,13:00:00,2.4827,7.39,,,,,,,18.526,1.347075,,,,,0.01749,0.01749,,,,1.1025,,,
2022-04-29,13:00:00,2.51625,,,,,,,,,,,,,,,,,,,1.1085,,,
2022-04-30,13:25:00,1.803648,,,,,,,,,,,,,,,,,,,0.5868,,,
2022-05-01,16:00:00,2.601415385,,,,,,,,,,,,,,,,,,,0.646615385,,,
2022-05-02,14:00:00,1.7934,7.21,-311.5,4.920833333,2.663151365,19.05,10.925,11.5,14.05,1.177625,3.0693,,,,0.01828,0.01828,,,,0.507272727,66.16077036,33.83922964,0.178792846
2022-05-03,14:00:00,1.8117,,,,,,,,,,,,,,,,,,,0.666,,,
2022-05-04,14:00:00,2.1472,7.39,,,,,,,,,,,,,,,,,,0.7605,,,
2022-05-05,15:30:00,1.982030769,,,,,,,,18.2675,1.0877,,,,,0.01891,0.01891,,,,0.796846154,,,
2022-05-06,12:00:00,2.25456,,,,,,,,,,,,,,,,,,,0.9018,,,
2022-05-07,13:30:00,0.154846154,,,,,,,,,,,,,,,,,,,0.300461538,,,
2022-05-08,14:30:00,2.029104,7.42,-311.8,,,,,,,,,,,,,,,,,0.78552,63.95439812,36.04560188,0.221513803
2022-05-09,10:30:00,2.25456,,,5.258333333,2.847560976,17.3,9.825,11.85,17.5725,0.7996,3.6118,11.29679375,1.372334,0.725,0.02,0.02,,,,0.8082,,,
2022-05-10,14:00:00,2.296311111,,,,,,,,,,,,,,,,,,,1.068666667,,,
2022-05-11,18:00:00,2.271814286,,,,,,,,,,,,,,,,,,,0.997071429,,,
2022-05-12,21:30:00,2.2935,7.56,,,,,,,16.9555,1.005075,,,,,0.02022,0.02022,,,,0.964928571,,,
2022-05-13,16:00:00,2.594666667,,,,,,,,,,,,,,,,,,,0.842,,,
2022-05-14,17:00:00,2.3352,,,,,,,,,,,,,,,,,,,0.76824,,,
2022-05-15,16:00:00,2.356956522,,,,,,,,,,,,,,,,,,,0.693391304,,,
2022-05-16,21:00:00,2.300689655,7.32,-316,5.276666667,2.384286478,19.125,11.05,10.7,15.877,0.933625,2.665,,,,0.01907,0.01907,,,,0.643034483,65.18711019,34.81288981,0.175272194
2022-05-17,21:40:00,2.30184,,,,,,,,,,,,,,,,,,,0.63288,,,
2022-05-18,18:30:00,2.104857143,,,,,,,,,,,,,,,,,,,0.631714286,,,
2022-05-19,19:30:00,2.40192,7.35,,,,,,,,,,,,,0.01879,0.01879,,,,0.75024,,,
2022-05-20,22:30:00,2.437846154,,,,,,,,,,,,,,,,,,,0.805153846,,,
2022-05-21,23:30:00,2.60208,,,,,,,,,,,,,,,,,,,0.90792,,,
2022-05-22,0:00:00,,,,,,,,,,,,,,,0.01991,0.01991,,,,,,,
2022-05-23,9:10:00,5.98543E-05,7.48,-302.2,5.37,2.31311054,19.55,11.725,1.15,16.75,1.8633,3.8308,,,,,,,,,0.011219101,64.55069124,35.44930876,0.313627703
2022-05-24,16:00:00,2.78,,,,,,,,,,,,,,,,,,,0.5508,,,
2022-05-25,16:00:00,2.363,,,,,,,,,,,,,,0.02059,0.02059,,,,0.714,,,
2022-05-26,16:00:00,2.53675,7.47,,,,,,,,,,,,,,,,,,0.59925,,,
2022-05-27,18:00:00,1.218923077,,,,,,,,,,,,,,,,,,,0.520615385,,,
2022-05-28,18:00:00,2.085,,,,,,,,,,,,,,,,,,,0.82725,,,
2022-05-29,18:00:00,2.1545,,,,,,,,,,,,,,,,,,,0.76875,67.18438451,32.81561549,0.22843061
2022-05-30,17:00:00,2.393217391,7.41,-335.1,5.094166667,2.047357926,20.85,12.55,12.35,18.961,1.406425,2.9558,,,,0.16866,0.14492,0.02374,,,0.994695652,,,
2022-05-31,18:00:00,2.26848,,,,,,,,,,,,,,,,,,,0.43992,,,
2022-06-01,13:45:00,1.3344,,,,,,,,,,,,,,,,,,,1.3158,,,
2022-06-02,22:00:00,2.449875,,,,,,,,,,,,,,,,,,,0.1423125,,,
2022-06-03,11:30:00,,,,,,,,,,,,,,,,,,,,1.609714286,,,
2022-06-04,19:20:00,2.47455,,,,,,,,,,,,,,,,,,,0.1524375,,,
2022-06-05,22:30:00,,,,,,,,,,,,,,,,,,,,0.483923077,,,
2022-06-06,16:00:00,,7.44,-313.2,5.426666667,2.625835189,20.075,11.725,11.95,18.183,1.5542,3.3543,11.75444375,1.404752,1.175,0.02159,0.02159,,,,1.043,,,
2022-06-07,17:00:00,2.510352,,,,,,,,,,,,,,,,,,,0.74088,,,
2022-06-08,17:00:00,2.2113,,,,,,,,,,,,,,,,,,,0.735,,,
2022-06-09,17:00:00,2.29905,7.44,,,,,,,,,,,,,,,,,,0.76575,68.36115326,31.63884674,0.180058916
2022-06-10,16:00:00,2.399008696,,,,,,,,,,,,,,,,,,,0.881217391,,,
2022-06-11,17:00:00,2.35872,,,,,,,,,,,,,,,,,,,0.22176,,,
2022-06-12,17:00:00,,,,,,,,,,,,,,,,,,,,0.696,,,
2022-06-13,17:00:00,2.4921,7.53,-327.9,5.225833333,3.587417703,21.675,12.775,12.65,17.68,1.439925,2.6146,,,,0.02146,0.02146,,,,0.55275,67.05710102,32.94289898,0.142218731
2022-06-14,15:00:00,2.106,,,,,,,,,,,,,,,,,,,0.915545455,,,
2022-06-15,17:00:00,2.268,,,,,,,,,,,,,,,,,,,0.809307692,,,
2022-06-16,17:00:00,2.4224,,,,,,,,,,,,,,,,,,,1.16625,,,
2022-06-17,22:15:00,2.662551724,,,,,,,,,,,,,,,,,,,0.584068966,,,
2022-06-18,15:00:00,2.511458824,,,,,,,,,,,,,,,,,,,1.265294118,,,
2022-06-19,15:30:00,2.470848,,,,,,,,,,,,,,,,,,,0.76536,,,
2022-06-20,17:00:00,2.434512,7.41,-308.4,5.253333333,2.475192944,21.45,13.05,13,19.3855,1.52095,3.2401,,,,0.02319,0.02319,,,,0.75528,63.85251912,36.14748088,0.189121552
2022-06-21,17:00:00,2.6495,,,,,,,,,,,,,,,,,,,0.786,,,
2022-06-22,17:00:00,2.91445,,,,,,,,,,,,,,,,,,,0.813,,,
2022-06-23,17:00:00,2.53595,,,,,,,,,,,,,,,,,,,0.83325,,,
2022-06-24,17:00:00,2.403475,,,,,,,,,,,,,,,,,,,0.61275,,,
2022-06-25,18:00:00,1.598784,,,,,,,,,,,,,,,,,,,0.27144,,,
2022-06-26,15:00:00,0.389314286,,,,,,,,,,,,,,,,,,,0.751714286,,,
2022-06-27,14:00:00,2.409234783,7.41,-341.4,5.7925,2.751214247,22.225,13.5,13.7,20.3425,1.701625,2.6021,,,,0.19317,0.17623,0.01694,,,0.558,69.92662359,30.07337641,0.147882225
2022-06-28,17:00:00,1.312133333,,,,,,,,,,,9.04133125,1.447975,,,,,,,0.476666667,,,
2022-06-29,17:30:00,1.671456,,,,,,,,,,,,,,,,,,,0.51408,,,
2022-06-30,17:30:00,1.47615,,,,,,,,,,,,,,,,,,,0.2475,,,
2022-07-01,17:00:00,0.429495652,,,,,,,,,,,,,,,,,,,0.503217391,,,
2022-07-02,12:30:00,2.09916,,,,,,,,,,,,,,,,,,,0.5166,,,
2022-07-03,16:30:00,0.9996,,,,,,,,,,,,,,,,,,,0.264857143,,,
2022-07-04,17:00:00,0.8232,7.46,-329.8,5.788333333,2.051845343,17.825,10.675,13.7,18.381,1.040625,2.8138,,,1.25,0.1313,0.11992,0.01138,,,0.59775,65.80416032,34.19583968,0.376716108
2022-07-05,18:00:00,1.613472,,,,,,,,,,,,,,,,,,,0.60192,,,
2022-07-06,18:00:00,1.8522,,,,,,,,,,,,,,,,,,,0.67725,,,
2022-07-07,18:00:00,2.1609,,,,,,,,,,,,,,,,,,,0.82425,,,
2022-07-08,16:30:00,2.147478261,,,,,,,,,,,,,,,,,,,0.909391304,,,
2022-07-09,17:00:00,2.28095,,,,,,,,,,,,,,,,,,,0.861,,,
2022-07-10,23:00:00,2.058,,,,,,,,,,,,,,,,,,,0.477,,,
2022-07-11,17:30:00,2.122989474,7.43,-324.9,5.435,2.15377176,22.975,13.675,14.1,19.9135,0.797775,2.6959,,,,0.03053,0.01904,,,,1.133052632,71.57251217,28.42748783,0.337409056
2022-07-12,18:15:00,2.107392,,,,,,,,,,,,,,,,,,,0.7308,,,
2022-07-13,17:00:00,2.357345455,,,,,,,,,,,,,,,,,,,0.769909091,,,
2022-07-14,14:15:00,1.970945455,,,,,,,,,,,,,,,,,,,1.044818182,,,
2022-07-15,16:00:00,2.123184,,,,,,,,,,,,,,,,,,,0.68328,,,
2022-07-16,15:30:00,,,,,,,,,,,,,,,,,,,,0.7275,,,
2022-07-17,17:50:00,1.926507692,,,,,,,,,,,,,,,,,,,0.672230769,66.82789651,33.17210349,0.207303766
2022-07-18,19:00:00,1.71948,7.52,-317.2,5.260833333,1.928107607,19.925,11.975,11.75,20.3785,0.875475,3.0975,,,,0.02139,0.02139,,,,0.59184,,,
2022-07-19,17:00:00,2.072890909,,,,,,,,,,,,,,,,,,,0.765818182,,,
2022-07-20,18:00:00,2.063376,,,,,,,,,,,,,,,,,,,0.6444,,,
2022-07-21,17:00:00,2.112782609,,,,,,,,,,,,,,,,,,,0.928173913,,,
2022-07-22,17:00:00,2.1182,,,,,,,,,,,,,,,,,,,0.51975,,,
2022-07-23,18:00:00,0.984912,,,,,,,,,,,,,,,,,,,0.85608,,,
2022-07-24,18:00:00,2.0519,,,,,,,,,,,,,,,,,,,0.44625,,,
2022-07-25,16:00:00,0.630545455,7.33,-342.8,5.325,2.111002921,22.25,12.325,12.2,17.33,1.182575,2.4021,10.1188875,1.296694,0.95,0.06278,0.02316,,0.0135,0.02612,0.257727273,69.60614586,30.39385414,0.262940528
2022-07-26,17:00:00,0.166464,,,,,,,,,,,,,,,,,,,0.50184,,,
2022-07-27,14:00:00,1.189028571,,,,,,,,,,,,,,,,,,,0.863142857,,,
2022-07-28,17:00:00,1.798222222,,,,,,,,,,,,,,,,,,,0.610666667,,,
2022-07-29,18:00:00,1.886592,,,,,,,,,,,,,,,,,,,0.58896,,,
2022-07-30,16:00:00,1.734,,,,,,,,,,,,,,,,,,,0.801818182,,,
2022-07-31,17:00:00,1.66464,,,,,,,,,,,,,,,,,,,0.72936,,,
2022-08-01,14:00:00,1.882628571,7.56,-321.1,5.534166667,2.365940193,19.025,10.7,11.55,20.082,0.716425,3.8665,,,,0.02469,0.02469,,,,1.256571429,66.78104937,33.21895063,0.402676106
2022-08-02,18:00:00,1.807457143,,,,,,,,,,,,,,,,,,,0.721928571,,,
2022-08-03,17:00:00,1.720017391,,,,,,,,,,,,,,,,,,,0.970434783,,,
2022-08-04,17:00:00,1.9008,,,,,,,,,,,,,,,,,,,0.9255,,,
2022-08-05,18:00:00,1.796256,,,,,,,,,,,,,,,,,,,0.80856,,,
2022-08-06,17:00:00,1.735513043,,,,,,,,,,,,,,,,,,,0.897652174,,,
2022-08-07,17:00:00,1.8414,,,,,,,,,,,,,,,,,,,0.95175,,,
2022-08-08,18:00:00,1.99584,7.48,-334.4,5.326666667,2.382010582,11.575,6.15,10.45,18.8805,0.835825,3.55,-7.76665625,1.242665,,0.05663,0.05663,,,,0.7668,68.06589935,31.93410065,0.231748918
2022-08-09,17:00:00,2.076417391,,,,,,,,,,,,,,,,,,,0.883565217,,,
2022-08-10,17:00:00,1.9899,,,,,,,,,,,,,,,,,,,0.75675,,,
2022-08-11,17:00:00,1.8117,,,,,,,,,,,,,,,,,,,0.73725,,,
2022-08-12,18:00:00,1.71072,,,,,,,,,,,,,,,,,,,0.65592,,,
2022-08-13,18:00:00,2.541,,,,,,,,,,,,,,,,,,,0.68325,,,
2022-08-14,18:00:00,2.541,,,,,,,,,,,,,,,,,,,0.6945,,,
2022-08-15,17:00:00,2.530956522,7.43,-325.9,5.435,2.432631579,20.7,11.9,11.55,15.92325,0.66687,2.6359,,,,,,,,,0.950869565,70.91418957,29.08581043,0.237514842
2022-08-16,17:00:00,2.5795,,,,,,,,,,,,,,,,,,,0.98325,,,
2022-08-17,17:00:00,2.63725,,,,,,,,,,,,,,,,,,,0.93525,,,
2022-08-18,18:00:00,2.51328,,,,,,,,,,,,,,,,,,,0.93312,,,
2022-08-19,18:00:00,2.387,,,,,,,,,,,,,,,,,,,0.86775,,,
2022-08-20,16:00:00,2.688,,,,,,,,,,,,,,,,,,,0.882818182,,,
2022-08-21,17:00:00,2.51328,,,,,,,,,,,,,,,,,,,0.81648,,,
2022-08-22,17:30:00,2.32848,,,,,,,,,,,,,,,,,,,0.89064,,,
2022-08-23,16:30:00,2.571130435,,,,,,,,,,,,,,,,,,,0.872608696,,,
2022-08-24,17:30:00,2.47632,,,,,,,,,,,,,,,,,,,0.8388,,,
2022-08-25,17:30:00,1.1935,,,,,,,,,,,,,,,,,,,0.47325,,,
2022-08-26,17:30:00,1.8821,,,,,,,,,,,,,,,,,,,0.6555,,,
2022-08-27,17:30:00,1.8183,,,,,,,,,,,,,,,,,,,0.60675,,,
2022-08-28,17:30:00,1.6269,,,,,,,,,,,,,,,,,,,0.38025,,,
2022-08-29,17:30:00,0.1914,,,,,,,,,,,,,,,,,,,0.177,,,
2022-08-30,17:30:00,0.1914,7.4,-324.7,4.93,2.544637507,22.15,12.475,11.95,15.17975,0.98798,2.6972,11.0432625,1.296694,,,,,,,0.1275,67.04545455,32.95454545,0.393025078
2022-08-31,17:30:00,1.5312,,,,,,,,,,,,,,,,,,,0.3969,,,
2022-09-01,17:30:00,1.2122,,,,,,,,,,,,,,,,,,,0.4617,,,
2022-09-02,18:00:00,1.4355,,,,,,,,,,,,,,,,,,,0.4194,,,
2022-09-03,17:30:00,1.8183,,,,,,,,,,,,,,,,,,,0.4473,,,
2022-09-04,16:15:00,1.830782609,,,,,,,,,,,,,,,,,,,0.466747826,,,
2022-09-05,17:00:00,1.914,,,,,,,,,,,,,,,,,,,0.6021,,,
2022-09-06,18:30:00,0.883384615,,,,,,,,,,,,,,,,,,,0.4104,,,
2022-09-07,21:30:00,0.028355556,,,,,,,,,,,,,,,,,,,0.1128,,,
2022-09-08,14:00:00,1.914,,,,,,,,,,,,,,,,,,,0.4833,,,
2022-09-09,15:00:00,1.776192,,,,,,,,,,,,,,,,,,,0.457056,,,
2022-09-10,15:00:00,0.2552,,,,,,,,,,,,,,,,,,,0.198,,,
2022-09-11,15:00:00,2.0097,,,,,,,,,,,,,,,,,,,0.495,,,
2022-09-12,15:00:00,2.1692,,,,,,,,,,,,,,,,,,,0.56625,,,
2022-09-13,16:00:00,2.051808,7.32,-342.8,3.685833333,2.428682171,,,,,0.487875,,,,,,,,,,0.66384,65.59139785,34.40860215,0.197358817
2022-09-14,18:00:00,2.149569231,,,,,,,,,,,,,,,,,,,0.607153846,,,
2022-09-15,17:00:00,2.075895652,,,,,,,,,,,,,,,,,,,0.56973913,,,
2022-09-16,16:50:00,1.9208,,,,,,,,,,,,,,,,,,,0.5415,,,
2022-09-17,15:00:00,2.020581818,,,,,,,,,,,,,,,,,,,0.587454545,,,
2022-09-18,16:00:00,1.48176,,,,,,,,,,,,,,,,,,,0.56232,,,
2022-09-19,14:00:00,0.187090909,,,,,,,,,,,,,,,,,,,0.290454545,,,
2022-09-20,18:00:00,0.294,,,,,,,,,,,,,,,,,,,0.160071429,,,
2022-09-21,17:30:00,1.8179,,,,,,,,,,,,,,,,,,,0.432,,,
2022-09-22,17:00:00,0.715826087,,,,,,,,,,,,,,,,,,,0.237913043,,,
2022-09-23,22:00:00,0.425793103,,,,,,,,,,,,,,,,,,,0.168827586,,,
2022-09-24,15:30:00,1.966533333,,,,,,,,,,,,,,,,,,,0.451,,,
2022-09-25,17:00:00,1.876896,,,,,,,,,,,,,,,,,,,0.68616,,,
2022-09-26,18:00:00,1.15248,,,,,,,,,,,,,,,,,,,0.3744,,,
2022-09-27,17:00:00,1.565634783,7.58,-333.4,5.203333333,2.427003293,17.3,8.5,8.45,20.84875,0.685135,2.6128,18.10528125,,,0.01213161,0.01213161,,,,0.550956522,72.4137931,27.5862069,0.22170088
2022-09-28,18:00:00,1.735008,,,,,,,,,,,,,,,,,,,0.52416,,,
2022-09-29,18:00:00,0.6138,,,,,,,,,,,,,,,,,,,0.30225,,,
2022-09-30,16:00:00,0.1116,,,,,,,,,,,,,,,,,,,0.133363636,,,
2022-10-01,16:00:00,2.26765,,,,,,,,,,,,,,,,,,,0.5835,,,
2022-10-02,15:00:00,2.099373913,,,,,,,,,,,,,,,,,,,0.644086957,,,
2022-10-03,18:00:00,2.227866667,,,,,,,,,,,,,,,,,,,0.617333333,,,
2022-10-04,17:00:00,2.312869565,,,,,,,,,,,,,,,,,,,0.61826087,,,
2022-10-05,16:00:00,2.490782609,,,,,,,,,,,,,,,,,,,0.640173913,,,
2022-10-06,16:00:00,2.5575,,,,,,,,,,,,,,,,,,,0.63675,,,
2022-10-07,14:00:00,2.79,,,,,,,,,,,,,,,,,,,0.677454545,,,
2022-10-08,15:00:00,2.356992,,,,,,,,,,,,,,,,,,,0.69264,,,
2022-10-09,15:00:00,2.2847,,,,,,,,,,,,,,,,,,,0.7245,,,
2022-10-10,21:00:00,0.19096,,,,,,,,,,,,,,,,,,,0.3864,,,
2022-10-11,21:45:00,2.258784,,,,,,,,,,,,,,,,,,,0.61128,,,
2022-10-12,0:30:00,1.69742,,,,,,,,,,,,,,,,,,,0.530667,,,
2022-10-13,23:00:00,1.280973913,,,,,,,,,,,,,,,,,,,0.343956522,,,
2022-10-14,0:00:00,,,,,,,,,,,,,,,,,,,,,,,
2022-10-15,0:00:00,,,,,,,,,,,,,,,,,,,,,,,
2022-10-16,0:00:00,,,,,,,,,,,,,,,,,,,,,,,
2022-10-17,23:00:00,1.601974468,,,,,,,,,,,,,,,,,,,0.575617021,,,
2022-10-18,22:30:00,2.134956522,,,,,,,,,,,,,,,,,,,0.462521739,67.81609195,32.18390805,0.127818915
2022-10-19,18:40:00,1.325028571,,,,,,,,,,,,,,,,,,,0.582857143,,,
2022-10-20,21:30:00,2.000533333,,,,,,,,,,,,,,,,,,,0.620666667,,,
2022-10-21,16:35:00,2.369052632,,,,,,,,,,,,,,,,,,,0.639473684,,,
2022-10-22,14:00:00,2.494171429,,,,,,,,,,,,,,,,,,,0.630857143,,,
2022-10-23,17:00:00,2.333955556,,,,,,,,,,,,,,,,,,,0.591333333,,,
2022-10-24,14:00:00,2.377257143,7.58,-296.5,4.7675,2.655591054,17.875,8.7,10,18.83675,0.908675,2.7098,,,,,,,,,0.619714286,,,
2022-10-25,14:00:00,2.037,,,,,,,,,,,,,,,,,,,0.537,,,
2022-10-26,14:00:00,2.0661,,,,,,,,,,,,,,,,,,,0.555,,,
2022-10-27,14:00:00,2.2407,,,,,,,,,,,,,,,,,,,0.663,,,
2022-10-28,14:00:00,2.0952,,,,,,,,,,,,,,,,,,,0.708,,,
2022-10-29,14:00:00,2.037,,,,,,,,,,,,,,,,,,,0.735,,,
2022-10-30,14:00:00,1.455,,,,,,,,,,,,,,,,,,,0.648,,,
2022-10-31,14:00:00,1.7751,,,,,,,,,,,,,,,,,,,0.7155,,,
2022-11-01,14:00:00,1.746,,,,,,,,,,,,,,,,,,,0.32775,,,
2022-11-02,14:00:00,1.746,,,,,,,,,,,,,,,,,,,0.3615,,,
2022-11-03,14:00:00,1.0767,,,,,,,,,,,,,,,,,,,0.252,,,
2022-11-04,14:00:00,0.6402,,,,,,,,,,,16.57258125,,,,,,,,0.24525,,,
2022-11-05,14:00:00,1.6005,,,,,,,,,,,,,,,,,,,0.42525,,,
2022-11-06,14:00:00,1.455,,,,,,,,,,,,,,,,,,,0.48675,,,
2022-11-07,14:00:00,1.455,7.46,-283.7,4.576666667,2.698316498,19.075,10.525,9.8,19.39475,1.2734,2.9833,,,,0.01462898,0.01462898,,,,0.618,66.66666667,33.33333333,0.271835052
2022-11-08,15:00:00,1.67616,,,,,,,,,,,,,,,,,,,0.54792,,,
2022-11-09,11:30:00,1.596342857,,,,,,,,,,,,,,,,,,,0.569142857,,,
2022-11-10,14:00:00,2.201538462,,,,,,,,,,,,,,,,,,,0.586384615,,,
2022-11-11,14:00:00,,,,,,,,,,,,,,,,,,,,0.192,,,
2022-11-12,14:00:00,2.98125,,,,,,,,,,,,,,,,,,,0.47175,,,
2022-11-13,14:00:00,2.18625,,,,,,,,,,,,,,,,,,,0.48675,,,
2022-11-14,14:00:00,2.385,,,,,,,,,,,3.10323125,0.940213,,,,,,,0.498,,,
2022-11-15,16:00:00,2.238230769,,,,,,,,,,,,,,,,,,,0.434769231,,,
2022-11-16,16:00:00,2.226,,,,,,,,,,,,,,,,,,,0.4695,,,
2022-11-17,15:00:00,2.198347826,,,,,,,,,,,,,,,,,,,0.516521739,,,
2022-11-18,14:00:00,2.239826087,,,,,,,,,,,,,,,,,,,0.562695652,,,
2022-11-19,17:00:00,2.155333333,,,,,,,,,,,,,,,,,,,0.564,,,
2022-11-20,0:00:00,,,,,,,,,,,,,,,,,,,,,,,
2022-11-21,10:30:00,1.063028571,7.4,-280.7,4.868333333,2.976855003,,,,,,3.7351,,,,,,,,,0.469542857,66.29213483,33.70786517,0.260604741
2022-11-22,14:00:00,2.65,,,,,,,,,,,,,,,,,,,0.500666667,,,
2022-11-23,14:00:00,2.067,,,,,,,,,,,,,,,,,,,0.4875,,,
2022-11-24,14:00:00,1.9875,,,,,,,,,,,,,,,,,,,0.48225,,,
2022-11-25,14:00:00,0.49,,,3.394166667,2.630124777,17.7,9.1625,17.7,19.40775,0.81979,,,,,,,,,,0.28575,,,
2022-11-26,14:30:00,1.59936,,,,,,,,,,,,,,,,,,,0.63576,,,
2022-11-27,13:30:00,2.45426087,,,,,,,,,,,,,,,,,,,0.684782609,,,
2022-11-28,14:00:00,2.156,,,,,,,,,,,,,,,,,,,0.02925,,,
2022-11-29,14:00:00,2.8028,,,,,,,,,,,,,,,,,,,0.7725,,,
2022-11-30,14:00:00,3.2732,,,,,,,,,,,13.0731875,,,,,,,,0.669,,,
2022-12-01,14:00:00,3.038,,,,,,,,,,,,,,,,,,,1.36725,,,
2022-12-02,13:00:00,2.352,,,,,,,,,,,,,,,,,,,0.684,,,
2022-12-03,14:00:00,2.72832,,,,,,,,,,,,,,,,,,,0.77256,,,
2022-12-04,14:00:00,2.744,,,,,,,,,,,,,,,,,,,0.8565,,,
2022-12-05,15:00:00,3.10464,7.52,-281.2,4.215833333,2.595593461,,,,15.28375,1.57695,2.2591,,,,,,,,,0.92808,60.25641026,39.74358974,0.140498609
2022-12-06,15:00:00,0.5096,,,,,,,,,,,,,,,,,,,0.6855,,,
2022-12-07,15:00:00,1.3916,,,,,,,,,,,,,,,,,,,0.702,,,
2022-12-08,16:00:00,1.03488,,,,,,,,,,,,,,,,,,,0.56376,,,
2022-12-09,16:00:00,1.3132,,,,,,,,,,,,,,,,,,,0.54525,,,
2022-12-10,16:00:00,1.3524,,,,,,,,,,,,,,,,,,,0.549,,,
2022-12-11,17:00:00,0.733824,,,,,,,,,,,,,,,,,,,0.2484,,,
2022-12-12,16:30:00,1.3524,,,,,,,,,,,,,,,,,,,0.4095,,,
2022-12-13,16:30:00,1.4112,,,,,,,,,,,,,,,,,,,0.46725,,,
2022-12-14,17:30:00,1.4112,,,,,,,,,,,,,,,,,,,0.4608,,,
2022-12-15,17:00:00,1.472556522,,,,,,,,,,,,,,,,,,,0.447652174,,,
2022-12-16,16:00:00,0.613565217,,,,,,,,,,,,,,,,,,,0.267652174,,,
2022-12-17,12:00:00,1.48176,,,,,,,,,,,,,,,,,,,0.387,,,
2022-12-18,12:00:00,0.882,,,,,,,,,,,,,,,,,,,0.369,,,
2022-12-19,14:00:00,0.872307692,7.4,-268.5,4.3425,3.732970027,13.6,6.75,6.5,12.9705,1.71855,2.4193,,,,0.01564893,0.01564893,,,,0.275538462,61.62790698,38.37209302,0.167412698
2022-12-20,14:00:00,1.7388,,,,,,,,,,,,,,,,,,,0.4785,,,
2022-12-21,14:00:00,1.682625,,,,,,,,,,,,,,,,,,,0.4305,,,
2022-12-22,14:00:00,1.426225,,,,,,,,,,,,,,,,,,,0.5805,,,
2022-12-23,14:00:00,0.37752,,,,,,,,,,,,,,,,,,,0.2265,,,
2022-12-24,11:30:00,1.64736,,,,,,,,,,,,,,,,,,,0.841909091,,,
2022-12-25,12:00:00,0.24775,,,,,,,,,,,,,,,,,,,0.228,,,
2022-12-26,12:00:00,,,,,,,,,,,,,,,,,,,,,,,
2022-12-27,12:30:00,0.1653936,,,,,,,,,,,,,,,,,,,0.19656,,,
2022-12-28,11:30:00,1.977532174,,,,,,,,,,,,,,,,,,,0.536086957,,,
2022-12-29,15:00:00,0.116695556,,,,,,,,,,,,,,,,,,,0.314666667,,,
2022-12-30,14:00:00,2.465827826,,,,,,,,,,,,,,,,,,,0.498521739,,,
2022-12-31,12:30:00,0.128911304,,,,,,,,,,,,,,,,,,,0.249652174,,,
2023-01-01,12:30:00,0.6177,,,,,,,,,,,,,,,,,,,0.36075,,,
2023-01-02,11:00:00,1.32399,,,,,,,,,,,,,,,,,,,0.463909091,,,
2023-01-03,10:30:00,1.76532,,,,,,,,,,,,,,,,,,,0.56325,,,
2023-01-04,14:00:00,,7.19,-284,5.414166667,2.762015055,,,,14.9825,0.811125,,,,,,,,,,0.596666667,59.16614939,40.83385061,
2023-01-05,14:00:00,2.2869375,,,,,,,,,,,,,,,,,,,0.48375,,,
2023-01-06,14:00:00,0.09535,,,,,,,,,,,,,,,,,,,0.13275,,,
2023-01-07,14:00:00,2.0977,,,,,,,,,,,,,,,,,,,0.51675,,,
2023-01-08,14:00:00,1.5490825,,,,,,,,,,,,,,,,,,,0.46125,,,
2023-01-09,14:00:00,1.09347,,,,,,,,,,,,,,,,,,,0.3225,,,
2023-01-10,14:00:00,1.7762625,,,,,,,,,,,,,,,,,,,0.5265,,,
2023-01-11,15:30:00,1.294442308,,,,,,,,,,,,,,,,,,,0.598846154,,,
2023-01-12,14:00:00,3.289013182,,,,,,,,,,,,,,,,,,,0.549818182,,,
2023-01-13,15:00:00,3.7456056,,,,,,,,,,,,,,,,,,,0.68184,,,
2023-01-14,11:00:00,3.166224,,,,,,,,,,,,,,,,,,,0.7029,,,
2023-01-15,12:00:00,1.8997344,,,,,,,,,,,,,,,,,,,0.49104,,,
2023-01-16,14:00:00,1.839570462,7.2,-280.1,3.7775,4.917754569,10.225,4.825,4.95,,,1.8502,,,,,,,,,0.735230769,61.38307985,38.61692015,0.20647223
2023-01-17,14:00:00,0.35272,,,,,,,,,,,,,,,,,,,0.25425,,,
2023-01-18,14:00:00,2.4705135,,,,,,,,,,,,,,,,,,,0.56775,,,
2023-01-19,14:00:00,2.986335,,,,,,,,,,,,,,,,,,,0.61275,,,
2023-01-20,14:30:00,1.3148928,,,,,,,,,,,,,,,,,,,0.42768,,,
2023-01-21,11:00:00,1.02726,,,,,,,,,,,,,,,,,,,0.3933,,,
2023-01-22,13:00:00,1.401544615,,,,,,,,,,,,,,,,,,,0.263076923,,,
2023-01-23,13:30:00,1.4576064,,,,,,,,,,,,,,,,,,,0.26712,,,
2023-01-24,12:00:00,3.598928182,,,,,,,,,,,,,,,,,,,0.568636364,,,
2023-01-25,11:00:00,3.442453043,,,,,,,,,,,,,,,,,,,0.60573913,,,
2023-01-26,11:00:00,1.2579125,,,,,,,,,,,,,,,,,,,0.65175,,,
2023-01-27,11:00:00,2.0320125,,,,,,,,,,,,,,,,,,,0.73125,,,
2023-01-28,11:00:00,2.425185,,,,,,,,,,,,,,,,,,,0.5655,,,
2023-01-29,12:00:00,2.1988344,,,,,,,,,,,,,,,,,,,0.54504,,,
2023-01-30,11:00:00,0.37632,7.24,-284.5,3.483333333,,11.275,5.875,6.4,12.676,0.618425,1.4576,,,,,,,,,0.156521739,60.22763536,39.77236464,0.235498004
2023-01-31,14:00:00,1.666958222,,,,,,,,,,,,,,,,,,,0.83,,,
2023-02-01,15:00:00,1.65079296,,,,,,,,,,,,,,,,,,,0.5004,,,
2023-02-02,14:00:00,1.694654609,,,,,,,,,,,,,,,,,,,0.417130435,,,
2023-02-03,15:00:00,1.6049376,,,,,,,,,,,,,,,,,,,0.42408,,,
2023-02-04,17:00:00,1.653438462,,,,,,,,,,,,,,,,,,,0.429230769,,,
2023-02-05,15:00:00,1.146384,,,,,,,,,,,,,,,,,,,0.334636364,,,
2023-02-06,14:00:00,1.669733217,,,,,,,,,,,,,,,,,,,0.430434783,,,
2023-02-07,15:00:00,0.4585536,,,,,,,,,,,,,,,,,,,0.1944,,,
2023-02-08,15:00:00,0.910487,,,,,,,,,,,,,,,,,,,0.32175,,,
2023-02-09,15:00:00,1.065098,,,,,,,5.3,,,,,,,,,,,,0.35325,,,
2023-02-10,12:00:00,1.162419429,,,,,,,,,,,,,,,,,,,0.397714286,,,
2023-02-11,11:00:00,1.179266087,,,,,,,,,,,,,,,,,,,0.387391304,,,
2023-02-12,15:30:00,1.1691,,,,,,,,,,,,,,,,,,,0.327724138,,,
2023-02-13,10:30:00,0.922561895,7.14,-291.6,3.350833333,4.639551192,,,,,0.442125,1.1897,,,,,,,,,0.335368421,63.76653186,36.23346814,0.212076759
2023-02-14,11:45:00,0.03789984,,,,,,,,,,,,,,,,,,,0.08352,,,
2023-02-15,12:00:00,1.286798,,,,,,,,,,,,,,,,,,,0.29025,,,
2023-02-16,11:00:00,0.493656522,,,,,,,,,,,,,,,,,,,0.161217391,,,
2023-02-17,11:00:00,0.49676875,,,,,,,,,,,,,,,,,,,0.321,,,
2023-02-18,13:00:00,0.616419231,,,,,,,,,,,,,,,,,,,0.392538462,,,
2023-02-19,12:45:00,0.553775,,,,,,,,,,,,,,,,,,,0.36975,,,
2023-02-20,11:00:00,0.550813636,,,,,,,,,,,,,,,,,,,0.374727273,,,
2023-02-21,12:30:00,0.436003846,,,,,,,,,,,,,,,,,,,0.302538462,,,
2023-02-22,14:30:00,0.563798077,,,,,,,,,,,,,,,,,,,0.400153846,,,
2023-02-23,14:30:00,0.423475,,,,,,,,,,,,,,,,,,,0.4425,,,
2023-02-24,15:00:00,,,,,,,,,,,,,,,,,,,,0.138,,,
2023-02-25,12:30:00,0.533045455,,,,,,,,,,,,,,,,,,,0.358363636,,,
2023-02-26,14:00:00,0.54726,,,,,,,,,,,,,,,,,,,0.41688,,,
2023-02-27,15:15:00,0.556280769,,,,,,,,,,,,,,,,,,,0.472846154,63.9279202,36.0720798,0.506608036
2023-02-28,11:30:00,0.019545,,,,,,,,,,,,,,,,,,,0.2268,,,
2023-03-01,13:00:00,0.555078,,,,,,,,,,,,,,,,,,,0.3888,,,
2023-03-02,13:00:00,0.54563125,,,,,,,,,,,,,,,,,,,0.42825,,,
2023-03-03,13:30:00,0.570714,,,,,,,,,,,,,,,,,,,0.49752,,,
2023-03-04,15:00:00,0.609804,,,,,,,,,,,,,,,,,,,0.45864,,,
2023-03-05,13:00:00,0.533045455,,,,,,,,,,,,,,,,,,,0.441818182,,,
2023-03-06,14:30:00,1.144024615,,,,,,,,,,,,,,,,,,,0.451384615,,,
2023-03-07,14:30:00,1.1619,,,,,,,,,,,,,,,,,,,0.51,,,
2023-03-08,14:00:00,1.050761739,,,,,,,,,,,,,,,,,,,0.434347826,,,
2023-03-09,13:30:00,1.39474,,,,,,,,,,,,,,,,,,,0.4545,,,
2023-03-10,13:30:00,1.27270025,,,,,,,,,,,,,,,,,,,0.2445,,,
2023-03-11,11:30:00,0.190191818,,,,,,,,,,,,,,,,,,,0.202909091,,,
2023-03-12,12:00:00,1.2203975,,,,,,,,,,,,,,,,,,,0.38775,,,
2023-03-13,14:30:00,1.084797778,,,,,,,,,,,,,,,,,,,0.358,,,
2023-03-14,15:30:00,1.0878972,,,,,,,,,,,,,,,,,,,0.36936,,,
2023-03-15,15:00:00,0.036384522,,,,,,,,,,,,,,,,,,,0.134608696,,,
2023-03-16,16:30:00,0.209211,,,,,,,,,,,,,,,,,,,0.066461538,,,
2023-03-17,13:30:00,0.537971143,7.08,-325.1,2.8375,2.456852792,,,,4.085,0.361645,0.8619,,,,,,,,,0.202285714,,,
2023-03-18,14:00:00,0.57533025,7.32,-337,4.056666667,2.063561989,,,,4.48,,,2.2448875,0.707801,,,,,,,0.21375,,,
2023-03-19,13:00:00,1.000574348,7.09,-334,,,,,,4.372,,,,,,,,,,,0.291913043,,,
2023-03-20,14:30:00,1.076909538,7.09,-306.8,2.8975,2.919954904,,,,4.769,,0.8779,,,,,,,,,0.340615385,62.21634721,37.78365279,0.178640417
2023-03-21,14:00:00,0.913032,,,,,,,,,,,,,,,,,,,0.211304348,,,
2023-03-22,16:00:00,0.942295846,6.97,-313.4,,,,,,,,,,,,,,,,,0.209076923,,,
2023-03-23,13:00:00,0.981469143,,,,,,,,,,,,,,,,,,,0.158571429,,,
2023-03-24,15:00:00,0.0408,6.95,-309.8,,,,,,,,,,,,,,,,,0.108,,,
2023-03-25,12:00:00,1.136571429,7.06,-318.5,,,,,,,,,,,,,,,,,0.218571429,,,
2023-03-26,12:00:00,1.2155,7,-316.4,,,,,,,,,,,,,,,,,0.25575,,,
2023-03-27,17:30:00,1.25528,,,,,,,,,,,,,,,,,,,0.369,63.5209527,36.4790473,0.166204034
2023-03-28,14:00:00,0.2652,7.08,-297,,,,,,,,,,,,,,,,,0.1755,,,
2023-03-29,20:30:00,0.804154839,,,,,,,,,,,,,,,,,,,0.291483871,,,
2023-03-30,15:00:00,0.884,,,,,,,,,,,,,,,,,,,0.258,,,
2023-03-31,15:00:00,0.8177,7.05,,,,,,,,,,,,,,,,,,0.23175,,,
2023-04-01,15:00:00,1.2597,,,,,,,,,,,,,,,,,,,0.29625,,,
2023-04-02,18:00:00,1.375111111,,,,,,,,,,,,,,,,,,,0.378,,,
2023-04-03,15:30:00,3.063927273,7.11,-291.7,3.153333333,3.17199559,,,,,0.59868,1.314,,,,,,,,,0.396,,,
2023-04-04,0:00:00,,,,,,,,,,,,,,,,,,,,,,,
2023-04-05,15:30:00,1.86636,,,,,,,,,,,,,,,,,,,0.3492,,,
2023-04-06,11:00:00,1.411452632,,,,,,,,,,,,,,,,,,,0.171473684,,,
2023-04-07,13:30:00,0.590577778,,,,,,,,,,,,,,,,,,,0.205333333,,,
2023-04-08,15:00:00,1.797504,,,,,,,,,,,,,,,,,,,0.36648,,,
2023-04-09,11:30:00,1.725714286,,,,,,,,,,,,,,,,,,,0.369428571,,,
2023-04-10,0:00:00,,,,,,,,,,,,,,,,,,,,,,,
2023-04-11,0:00:00,,,,,,,,,,,,,,,,,,,,,,,
2023-04-12,16:00:00,0.56166,,,,,,,,,,,,,,,,,,,0.3762,,,
2023-04-13,16:00:00,0.7843,,,,,,,,,,,,,,,,,,,0.123,,,
2023-04-14,16:30:00,1.530144,,,,,,,,,,,,,,,,,,,0.27144,,,
2023-04-15,16:00:00,1.6368,,,,,,,,,,,,,,,,,,,0.298956522,,,
2023-04-16,15:30:00,0.6072,,,,,,,,,,,,,,,,,,,0.1365,,,
2023-04-17,10:30:00,0.287621053,7.26,-289.7,3.395,2.943852856,11.11666667,6.5,5.875,10.609,0.645725,1.3989,,,,,,,,,0.198947368,64.48970304,35.51029696,0.392055336
2023-04-18,13:30:00,0.359822222,,,,,,,,,,,,,,,,,,,0.102666667,,,
2023-04-19,9:00:00,1.725726316,,,,,,,,,,,,,,,,,,,0.36,,,
2023-04-20,14:00:00,0.188441379,,,,,,,,,,,,,,,,,,,0.171310345,,,
2023-04-21,11:00:00,1.503542857,,,,,,,,,,,,,,,,,,,0.367714286,,,
2023-04-22,13:00:00,0.980861538,,,,,,,,,,,,,,,,,,,0.294923077,,,
2023-04-23,20:30:00,0.056925,,,,,,,,,,,3.69746875,0.90852,-2.425,,,,,,0.093375,,,
2023-04-24,21:30:00,0.97152,,,,,,,,,,,,,,,,,,,0.2412,,,
2023-04-25,22:30:00,0.5819,,,,,,,,,,,,,,,,,,,0.29625,,,
2023-04-26,11:00:00,1.9044,7.25,-308.2,1.8875,2.14147018,10.4,6.125,5.95,10.8245,0.8976,1.2371,,,,,,,,,0.391846154,68.36316584,31.63683416,0.130450778
2023-04-27,16:30:00,0.48668,,,,,,,,,,,,,,,,,,,0.2394,,,
2023-04-28,11:00:00,0.564266667,,,,,,,,,,,,,,,,,,,0.179,,,
2023-04-29,11:00:00,1.587,,,,,,,,,,,,,,,,,,,0.37125,,,
2023-04-30,12:00:00,1.39656,,,,,,,,,,,,,,,,,,,0.3888,,,
2023-05-01,10:30:00,1.4352,,,,,,,,,,,,,,,,,,,0.352956522,,,
2023-05-02,14:40:00,1.903757143,,,,,,,,,,,,,,,,,,,0.329785714,,,
2023-05-03,15:30:00,0.47736,,,,,,,,,,,,,,,,,,,0.17064,,,
2023-05-04,14:15:00,2.006295652,,,,,,,,,,,,,,,,,,,0.349826087,,,
2023-05-05,11:30:00,0.909257143,,,,,,,,,,,,,,,,,,,0.276,,,
2023-05-06,11:00:00,1.314469565,,,,,,,,,,,,,,,,,,,0.291130435,,,
2023-05-07,11:30:00,0.572832,,,,,,,,,,,,,,,,,,,0.15624,,,
2023-05-08,15:30:00,0.375428571,,,,,,,,,,,,,,,,,,,0.077785714,,,
2023-05-09,15:00:00,1.919582609,,,,,,,,,,,,,,,,,,,0.219130435,,,
2023-05-10,19:45:00,1.377434483,,,,,,,,,,,,,,,,,,,0.247655172,,,
2023-05-11,13:30:00,1.674133333,,,,,,,,,,,,,,,,,,,0.353,,,
2023-05-12,10:30:00,1.768685714,,,,,,,,,,,,,,,,,,,0.445714286,,,
2023-05-13,14:00:00,1.894755556,,,,,,,,,,,,,,,,,,,0.487333333,,,
2023-05-14,12:45:00,1.523478261,,,,,,,,,,,,,,,,,,,0.460956522,,,
2023-05-15,0:00:00,,,,,,,,,,,,,,,,,,,,,,,
2023-05-16,15:45:00,1.08624,,,,,,,,,,,,,,,,,,,0.41625,,,
2023-05-17,15:00:00,1.523478261,,,,,,,,,,,,,,,,,,,0.320086957,,,
2023-05-18,11:30:00,1.001142857,,,,,,,,,,,,,,,,,,,0.33,66.24327234,33.75672766,0.202850171
2023-05-19,14:00:00,1.239876923,,,,,,,,,,,,,,,,,,,0.396692308,,,
2023-05-20,12:30:00,1.523478261,,,,,,,,,,,,,,,,,,,0.331043478,,,
2023-05-21,14:30:00,1.563323077,,,,,,,,,,,,,,,,,,,0.331615385,,,
2023-05-22,23:30:00,1.4892,,,,,,,,,,,,,,,,,,,0.3538125,,,
2023-05-23,21:00:00,1.4016,,,,,,,,,,,,,,,,,,,0.326454545,,,
2023-05-24,19:00:00,0.414109091,,,,,,,,,,,,,,,,,,,0.211090909,,,
2023-05-25,23:30:00,0.025028571,,,,,,,,,,,,,,,,,,,0.111857143,,,
2023-05-26,14:30:00,1.4016,,,,,,,,,,,,,,,,,,,0.27,,,
2023-05-27,19:00:00,1.301485714,,,,,,,,,,,,,,,,,,,0.300214286,,,
2023-05-28,15:00:00,0.03504,,,,,,,,,,,,,,,,,,,0.1161,,,
2023-05-29,23:00:00,0.9417,,,,,,,,,,,,,,,,,,,0.199125,,,
2023-05-30,17:00:00,1.5184,,,,,,,,,,,,,,,,,,,0.239,,,
2023-05-31,22:30:00,0.024165517,,,,,,,,,,,,,,,,,,,0.147724138,,,
2023-06-01,14:00:00,1.4892,,,,,,,,,,,,,,,,,,,0.316125,,,
2023-06-02,17:00:00,1.842844444,,,,,,,,,,,,,,,,,,,0.416666667,,,
2023-06-03,10:30:00,1.946666667,,,,,,,,,,,,,,,,,,,0.503,,,
2023-06-04,10:50:00,0.584,,,,,,,,,,,,,,,,,,,0.2715,,,
2023-06-05,18:00:00,2.034580645,,,,,,,,,,,,,,,,,,,0.454645161,,,
2023-06-06,16:00:00,2.229818182,,,,,,,,,,,,,,,,,,,0.655363636,,,
2023-06-07,16:30:00,1.205376,,,,,,,,,,,,,,,,,,,0.44424,,,
2023-06-08,11:10:00,1.512252632,,,,,,,,,,,,,,,,,,,0.380842105,,,
2023-06-09,14:30:00,1.038222222,,,,,,,,,,,,,,,,,,,0.384,,,
2023-06-10,9:30:00,1.659789474,,,,,,,,,,,,,,,,,,,0.486947368,,,
2023-06-11,11:00:00,0.7008,,,,,,,,,,,,,,,,,,,0.3996,,,
2023-06-12,21:30:00,0.100114286,,,,,,,,,,,,,,,,,,,0.200571429,,,
2023-06-13,15:30:00,1.713066667,7.73,-320.2,4.223333333,2.250801796,10.07,8.075,8.5,,1.1649,2.0866,,,,,,,,,0.381,,,
,,,,,,,,,,,,,,,,,,,,,,,,
,,,,,,,,,,,,,,,,,,,,,,,,
,,,,,,,,,,,,,,,,,,,,,,,,
,,,,,,,,,,,,,,,,,,,,,,,,
,,,,,,,,,,,,,,,,,,,,,,,,
,,,,,,,,,,,,,,,,,,,,,,,,
,,,,,,,,,,,,,,,,,,,,,,,,
,,,,,,,,,,,,,,,,,,,,,,,,
,,,,,,,,,,,,,,,,,,,,,,,,
,,,,,,,,,,,,,,,,,,,,,,,,
,,,,,,,,,,,,,,,,,,,,,,,,
,,,,,,,,,,,,,,,,,,,,,,,,
,,,,,,,,,,,,,,,,,,,,,,,,
,,,,,,,,,,,,,,,,,,,,,,,,
,,,,,,,,,,,,,,,,,,,,,,,,
,,,,,,,,,,,,,,,,,,,,,,,,
,,,,,,,,,,,,,,,,,,,,,,,,
,,,,,,,,,,,,,,,,,,,,,,,,
,,,,,,,,,,,,,,,,,,,,,,,,
,,,,,,,,,,,,,,,,,,,,,,,,
,,,,,,,,,,,,,,,,,,,,,,,,
,,,,,,,,,,,,,,,,,,,,,,,,
,,,,,,,,,,,,,,,,,,,,,,,,
,,,,,,,,,,,,,,,,,,,,,,,,
,,,,,,,,,,,,,,,,,,,,,,,,
,,,,,,,,,,,,,,,,,,,,,,,,
,,,,,,,,,,,,,,,,,,,,,,,,
,,,,,,,,,,,,,,,,,,,,,,,,
,,,,,,,,,,,,,,,,,,,,,,,,
,,,,,,,,,,,,,,,,,,,,,,,,
,,,,,,,,,,,,,,,,,,,,,,,,
,,,,,,,,,,,,,,,,,,,,,,,,
,,,,,,,,,,,,,,,,,,,,,,,,
,,,,,,,,,,,,,,,,,,,,,,,,
,,,,,,,,,,,,,,,,,,,,,,,,
,,,,,,,,,,,,,,,,,,,,,,,,
,,,,,,,,,,,,,,,,,,,,,,,,
,,,,,,,,,,,,,,,,,,,,,,,,
,,,,,,,,,,,,,,,,,,,,,,,,
,,,,,,,,,,,,,,,,,,,,,,,,
,,,,,,,,,,,,,,,,,,,,,,,,
,,,,,,,,,,,,,,,,,,,,,,,,
,,,,,,,,,,,,,,,,,,,,,,,,
,,,,,,,,,,,,,,,,,,,,,,,,
,,,,,,,,,,,,,,,,,,,,,,,,
,,,,,,,,,,,,,,,,,,,,,,,,
,,,,,,,,,,,,,,,,,,,,,,,,
,,,,,,,,,,,,,,,,,,,,,,,,
,,,,,,,,,,,,,,,,,,,,,,,,
,,,,,,,,,,,,,,,,,,,,,,,,
,,,,,,,,,,,,,,,,,,,,,,,,
,,,,,,,,,,,,,,,,,,,,,,,,
,,,,,,,,,,,,,,,,,,,,,,,,
,,,,,,,,,,,,,,,,,,,,,,,,
,,,,,,,,,,,,,,,,,,,,,,,,
,,,,,,,,,,,,,,,,,,,,,,,,
,,,,,,,,,,,,,,,,,,,,,,,,
,,,,,,,,,,,,,,,,,,,,,,,,
,,,,,,,,,,,,,,,,,,,,,,,,
,,,,,,,,,,,,,,,,,,,,,,,,
,,,,,,,,,,,,,,,,,,,,,,,,
,,,,,,,,,,,,,,,,,,,,,,,,
,,,,,,,,,,,,,,,,,,,,,,,,
,,,,,,,,,,,,,,,,,,,,,,,,
,,,,,,,,,,,,,,,,,,,,,,,,
,,,,,,,,,,,,,,,,,,,,,,,,
,,,,,,,,,,,,,,,,,,,,,,,,
,,,,,,,,,,,,,,,,,,,,,,,,
,,,,,,,,,,,,,,,,,,,,,,,,
,,,,,,,,,,,,,,,,,,,,,,,,
,,,,,,,,,,,,,,,,,,,,,,,,
,,,,,,,,,,,,,,,,,,,,,,,,
,,,,,,,,,,,,,,,,,,,,,,,,
,,,,,,,,,,,,,,,,,,,,,,,,
,,,,,,,,,,,,,,,,,,,,,,,,
,,,,,,,,,,,,,,,,,,,,,,,,
,,,,,,,,,,,,,,,,,,,,,,,,
,,,,,,,,,,,,,,,,,,,,,,,,
,,,,,,,,,,,,,,,,,,,,,,,,
,,,,,,,,,,,,,,,,,,,,,,,,
,,,,,,,,,,,,,,,,,,,,,,,,
,,,,,,,,,,,,,,,,,,,,,,,,
,,,,,,,,,,,,,,,,,,,,,,,,
,,,,,,,,,,,,,,,,,,,,,,,,
,,,,,,,,,,,,,,,,,,,,,,,,
,,,,,,,,,,,,,,,,,,,,,,,,
,,,,,,,,,,,,,,,,,,,,,,,,
,,,,,,,,,,,,,,,,,,,,,,,,
,,,,,,,,,,,,,,,,,,,,,,,,
,,,,,,,,,,,,,,,,,,,,,,,,
,,,,,,,,,,,,,,,,,,,,,,,,
,,,,,,,,,,,,,,,,,,,,,,,,
,,,,,,,,,,,,,,,,,,,,,,,,
,,,,,,,,,,,,,,,,,,,,,,,,
,,,,,,,,,,,,,,,,,,,,,,,,
,,,,,,,,,,,,,,,,,,,,,,,,
,,,,,,,,,,,,,,,,,,,,,,,,
,,,,,,,,,,,,,,,,,,,,,,,,
,,,,,,,,,,,,,,,,,,,,,,,,
,,,,,,,,,,,,,,,,,,,,,,,,
,,,,,,,,,,,,,,,,,,,,,,,,
,,,,,,,,,,,,,,,,,,,,,,,,
,,,,,,,,,,,,,,,,,,,,,,,,
,,,,,,,,,,,,,,,,,,,,,,,,
,,,,,,,,,,,,,,,,,,,,,,,,
,,,,,,,,,,,,,,,,,,,,,,,,
,,,,,,,,,,,,,,,,,,,,,,,,
,,,,,,,,,,,,,,,,,,,,,,,,
,,,,,,,,,,,,,,,,,,,,,,,,
,,,,,,,,,,,,,,,,,,,,,,,,
,,,,,,,,,,,,,,,,,,,,,,,,
,,,,,,,,,,,,,,,,,,,,,,,,
,,,,,,,,,,,,,,,,,,,,,,,,
,,,,,,,,,,,,,,,,,,,,,,,,
,,,,,,,,,,,,,,,,,,,,,,,,
,,,,,,,,,,,,,,,,,,,,,,,,
,,,,,,,,,,,,,,,,,,,,,,,,
,,,,,,,,,,,,,,,,,,,,,,,,
,,,,,,,,,,,,,,,,,,,,,,,,
,,,,,,,,,,,,,,,,,,,,,,,,
,,,,,,,,,,,,,,,,,,,,,,,,
,,,,,,,,,,,,,,,,,,,,,,,,
,,,,,,,,,,,,,,,,,,,,,,,,
,,,,,,,,,,,,,,,,,,,,,,,,
,,,,,,,,,,,,,,,,,,,,,,,,
,,,,,,,,,,,,,,,,,,,,,,,,
,,,,,,,,,,,,,,,,,,,,,,,,
,,,,,,,,,,,,,,,,,,,,,,,,
,,,,,,,,,,,,,,,,,,,,,,,,
,,,,,,,,,,,,,,,,,,,,,,,,
,,,,,,,,,,,,,,,,,,,,,,,,
,,,,,,,,,,,,,,,,,,,,,,,,
,,,,,,,,,,,,,,,,,,,,,,,,
,,,,,,,,,,,,,,,,,,,,,,,,
,,,,,,,,,,,,,,,,,,,,,,,,
,,,,,,,,,,,,,,,,,,,,,,,,
,,,,,,,,,,,,,,,,,,,,,,,,
,,,,,,,,,,,,,,,,,,,,,,,,
,,,,,,,,,,,,,,,,,,,,,,,,
,,,,,,,,,,,,,,,,,,,,,,,,
,,,,,,,,,,,,,,,,,,,,,,,,
,,,,,,,,,,,,,,,,,,,,,,,,
,,,,,,,,,,,,,,,,,,,,,,,,
,,,,,,,,,,,,,,,,,,,,,,,,
,,,,,,,,,,,,,,,,,,,,,,,,
,,,,,,,,,,,,,,,,,,,,,,,,
,,,,,,,,,,,,,,,,,,,,,,,,
,,,,,,,,,,,,,,,,,,,,,,,,
,,,,,,,,,,,,,,,,,,,,,,,,
,,,,,,,,,,,,,,,,,,,,,,,,
,,,,,,,,,,,,,,,,,,,,,,,,
,,,,,,,,,,,,,,,,,,,,,,,,
,,,,,,,,,,,,,,,,,,,,,,,,
,,,,,,,,,,,,,,,,,,,,,,,,
,,,,,,,,,,,,,,,,,,,,,,,,
,,,,,,,,,,,,,,,,,,,,,,,,
,,,,,,,,,,,,,,,,,,,,,,,,
,,,,,,,,,,,,,,,,,,,,,,,,
,,,,,,,,,,,,,,,,,,,,,,,,
,,,,,,,,,,,,,,,,,,,,,,,,
,,,,,,,,,,,,,,,,,,,,,,,,
,,,,,,,,,,,,,,,,,,,,,,,,
,,,,,,,,,,,,,,,,,,,,,,,,
,,,,,,,,,,,,,,,,,,,,,,,,
,,,,,,,,,,,,,,,,,,,,,,,,
,,,,,,,,,,,,,,,,,,,,,,,,
,,,,,,,,,,,,,,,,,,,,,,,,
,,,,,,,,,,,,,,,,,,,,,,,,
,,,,,,,,,,,,,,,,,,,,,,,,
,,,,,,,,,,,,,,,,,,,,,,,,
,,,,,,,,,,,,,,,,,,,,,,,,
,,,,,,,,,,,,,,,,,,,,,,,,
,,,,,,,,,,,,,,,,,,,,,,,,
,,,,,,,,,,,,,,,,,,,,,,,,
,,,,,,,,,,,,,,,,,,,,,,,,
,,,,,,,,,,,,,,,,,,,,,,,,
,,,,,,,,,,,,,,,,,,,,,,,,
,,,,,,,,,,,,,,,,,,,,,,,,
,,,,,,,,,,,,,,,,,,,,,,,,
,,,,,,,,,,,,,,,,,,,,,,,,
,,,,,,,,,,,,,,,,,,,,,,,,
,,,,,,,,,,,,,,,,,,,,,,,,
,,,,,,,,,,,,,,,,,,,,,,,,
,,,,,,,,,,,,,,,,,,,,,,,,
,,,,,,,,,,,,,,,,,,,,,,,,
,,,,,,,,,,,,,,,,,,,,,,,,
,,,,,,,,,,,,,,,,,,,,,,,,
,,,,,,,,,,,,,,,,,,,,,,,,
,,,,,,,,,,,,,,,,,,,,,,,,
,,,,,,,,,,,,,,,,,,,,,,,,
,,,,,,,,,,,,,,,,,,,,,,,,
,,,,,,,,,,,,,,,,,,,,,,,,
,,,,,,,,,,,,,,,,,,,,,,,,
,,,,,,,,,,,,,,,,,,,,,,,,
,,,,,,,,,,,,,,,,,,,,,,,,
,,,,,,,,,,,,,,,,,,,,,,,,
,,,,,,,,,,,,,,,,,,,,,,,,
,,,,,,,,,,,,,,,,,,,,,,,,
,,,,,,,,,,,,,,,,,,,,,,,,
,,,,,,,,,,,,,,,,,,,,,,,,
,,,,,,,,,,,,,,,,,,,,,,,,
,,,,,,,,,,,,,,,,,,,,,,,,
,,,,,,,,,,,,,,,,,,,,,,,,
,,,,,,,,,,,,,,,,,,,,,,,,
,,,,,,,,,,,,,,,,,,,,,,,,
,,,,,,,,,,,,,,,,,,,,,,,,
,,,,,,,,,,,,,,,,,,,,,,,,
,,,,,,,,,,,,,,,,,,,,,,,,
,,,,,,,,,,,,,,,,,,,,,,,,
,,,,,,,,,,,,,,,,,,,,,,,,
,,,,,,,,,,,,,,,,,,,,,,,,
,,,,,,,,,,,,,,,,,,,,,,,,
,,,,,,,,,,,,,,,,,,,,,,,,
,,,,,,,,,,,,,,,,,,,,,,,,
,,,,,,,,,,,,,,,,,,,,,,,,
,,,,,,,,,,,,,,,,,,,,,,,,
,,,,,,,,,,,,,,,,,,,,,,,,
,,,,,,,,,,,,,,,,,,,,,,,,
,,,,,,,,,,,,,,,,,,,,,,,,
,,,,,,,,,,,,,,,,,,,,,,,,
,,,,,,,,,,,,,,,,,,,,,,,,
,,,,,,,,,,,,,,,,,,,,,,,,
,,,,,,,,,,,,,,,,,,,,,,,,
,,,,,,,,,,,,,,,,,,,,,,,,
,,,,,,,,,,,,,,,,,,,,,,,,
,,,,,,,,,,,,,,,,,,,,,,,,
,,,,,,,,,,,,,,,,,,,,,,,,
,,,,,,,,,,,,,,,,,,,,,,,,
,,,,,,,,,,,,,,,,,,,,,,,,
,,,,,,,,,,,,,,,,,,,,,,,,
,,,,,,,,,,,,,,,,,,,,,,,,
,,,,,,,,,,,,,,,,,,,,,,,,
,,,,,,,,,,,,,,,,,,,,,,,,
,,,,,,,,,,,,,,,,,,,,,,,,
,,,,,,,,,,,,,,,,,,,,,,,,
,,,,,,,,,,,,,,,,,,,,,,,,
,,,,,,,,,,,,,,,,,,,,,,,,
,,,,,,,,,,,,,,,,,,,,,,,,
,,,,,,,,,,,,,,,,,,,,,,,,
,,,,,,,,,,,,,,,,,,,,,,,,
,,,,,,,,,,,,,,,,,,,,,,,,
,,,,,,,,,,,,,,,,,,,,,,,,
,,,,,,,,,,,,,,,,,,,,,,,,
,,,,,,,,,,,,,,,,,,,,,,,,
,,,,,,,,,,,,,,,,,,,,,,,,
,,,,,,,,,,,,,,,,,,,,,,,,
,,,,,,,,,,,,,,,,,,,,,,,,
,,,,,,,,,,,,,,,,,,,,,,,,
,,,,,,,,,,,,,,,,,,,,,,,,
,,,,,,,,,,,,,,,,,,,,,,,,
,,,,,,,,,,,,,,,,,,,,,,,,
,,,,,,,,,,,,,,,,,,,,,,,,
,,,,,,,,,,,,,,,,,,,,,,,,
,,,,,,,,,,,,,,,,,,,,,,,,
,,,,,,,,,,,,,,,,,,,,,,,,
,,,,,,,,,,,,,,,,,,,,,,,,
,,,,,,,,,,,,,,,,,,,,,,,,
,,,,,,,,,,,,,,,,,,,,,,,,
,,,,,,,,,,,,,,,,,,,,,,,,
,,,,,,,,,,,,,,,,,,,,,,,,
,,,,,,,,,,,,,,,,,,,,,,,,
,,,,,,,,,,,,,,,,,,,,,,,,
,,,,,,,,,,,,,,,,,,,,,,,,
,,,,,,,,,,,,,,,,,,,,,,,,
,,,,,,,,,,,,,,,,,,,,,,,,
,,,,,,,,,,,,,,,,,,,,,,,,
,,,,,,,,,,,,,,,,,,,,,,,,
